﻿"Gemeente";"CBS";"Regionaal Informatie en Expertise Centra";"Inwoneraantal van regio"
"Aa en Hunze";"1680";"RIEC Noord";"1719039"
"Aalburg";"0738";"RIEC Zuid-West Nederland";"1471846"
"Aalsmeer";"0358";"RIEC Amsterdam";"1008808"
"Aalten";"0197";"RIEC Oost-Nederland";"3167052"
"Achtkarspelen";"0059";"RIEC Noord";"1719039"
"Alblasserdam";"0482";"RIEC Rotterdam";"1764400"
"Albrandswaard";"0613";"RIEC Rotterdam";"1764400"
"Alkmaar";"0361";"RIEC Noord-Holland";"1506815"
"Almelo";"0141";"RIEC Oost-Nederland";"3167052"
"Almere";"0034";"RIEC Midden Nederland";"1911552"
"Alphen aan den Rijn";"0484";"RIEC Haaglanden / Hollands Midden";"1836384"
"Alphen-Chaam";"1723";"RIEC Zuid-West Nederland";"1471846"
"Ameland";"0060";"RIEC Noord";"1719039"
"Amersfoort";"0307";"RIEC Midden Nederland";"1911552"
"Amstelveen";"0362";"RIEC Amsterdam";"1008808"
"Amsterdam";"0363";"RIEC Amsterdam";"1008808"
"Apeldoorn";"0200";"RIEC Oost-Nederland";"3167052"
"Appingedam";"0003";"RIEC Noord";"1719039"
"Arnhem";"0202";"RIEC Oost-Nederland";"3167052"
"Assen";"0106";"RIEC Noord";"1719039"
"Asten";"0743";"RIEC Oost Brabant";"1398196"
"Baarle-Nassau";"0744";"RIEC Zuid-West Nederland";"1471846"
"Baarn";"0308";"RIEC Midden Nederland";"1911552"
"Barendrecht";"0489";"RIEC Rotterdam";"1764400"
"Barneveld";"0203";"RIEC Oost-Nederland";"3167052"
"Bedum";"0005";"RIEC Noord";"1719039"
"Beek";"0888";"RIEC Limburg";"1118054"
"Beemster";"0370";"RIEC Noord-Holland";"1506815"
"Beesel";"0889";"RIEC Limburg";"1118054"
"Bellingwedde";"0007";"RIEC Noord";"1719039"
"Berg en Dal";"1945";"RIEC Oost-Nederland";"3167052"
"Bergeijk";"1724";"RIEC Oost Brabant";"1398196"
"Bergen (L)";"0893";"RIEC Limburg";"1118054"
"Bergen (NH)";"0373";"RIEC Noord-Holland";"1506815"
"Bergen op Zoom";"0748";"RIEC Zuid-West Nederland";"1471846"
"Berkelland";"1859";"RIEC Oost-Nederland";"3167052"
"Bernheze";"1721";"RIEC Oost Brabant";"1398196"
"Best";"0753";"RIEC Oost Brabant";"1398196"
"Beuningen";"0209";"RIEC Oost-Nederland";"3167052"
"Beverwijk";"0375";"RIEC Noord-Holland";"1506815"
"Binnenmaas";"0585";"RIEC Rotterdam";"1764400"
"Bladel";"1728";"RIEC Oost Brabant";"1398196"
"Blaricum";"0376";"RIEC Midden Nederland";"1911552"
"Bloemendaal";"0377";"RIEC Noord-Holland";"1506815"
"Bodegraven-Reeuwijk";"1901";"RIEC Haaglanden / Hollands Midden";"1836384"
"Boekel";"0755";"RIEC Oost Brabant";"1398196"
"Borger-Odoorn";"1681";"RIEC Noord";"1719039"
"Borne";"0147";"RIEC Oost-Nederland";"3167052"
"Borsele";"0654";"RIEC Zuid-West Nederland";"1471846"
"Boxmeer";"0756";"RIEC Oost Brabant";"1398196"
"Boxtel";"0757";"RIEC Oost Brabant";"1398196"
"Breda";"0758";"RIEC Zuid-West Nederland";"1471846"
"Brielle";"0501";"RIEC Rotterdam";"1764400"
"Bronckhorst";"1876";"RIEC Oost-Nederland";"3167052"
"Brummen";"0213";"RIEC Oost-Nederland";"3167052"
"Brunssum";"0899";"RIEC Limburg";"1118054"
"Bunnik";"0312";"RIEC Midden Nederland";"1911552"
"Bunschoten";"0313";"RIEC Midden Nederland";"1911552"
"Buren";"0214";"RIEC Oost-Nederland";"3167052"
"Capelle aan den IJssel";"0502";"RIEC Rotterdam";"1764400"
"Castricum";"0383";"RIEC Noord-Holland";"1506815"
"Coevorden";"0109";"RIEC Noord";"1719039"
"Cranendonck";"1706";"RIEC Oost Brabant";"1398196"
"Cromstrijen";"0611";"RIEC Rotterdam";"1764400"
"Cuijk";"1684";"RIEC Oost Brabant";"1398196"
"Culemborg";"0216";"RIEC Oost-Nederland";"3167052"
"Dalfsen";"0148";"RIEC Oost-Nederland";"3167052"
"Dantumadiel";"1891";"RIEC Noord";"1719039"
"De Bilt";"0310";"RIEC Midden Nederland";"1911552"
"De Fryske Marren";"1940";"RIEC Noord";"1719039"
"De Marne";"1663";"RIEC Noord";"1719039"
"De Ronde Venen";"0736";"RIEC Midden Nederland";"1911552"
"De Wolden";"1690";"RIEC Noord";"1719039"
"Delft";"0503";"RIEC Haaglanden / Hollands Midden";"1836384"
"Delfzijl";"0010";"RIEC Noord";"1719039"
"Den Helder";"0400";"RIEC Noord-Holland";"1506815"
"Deurne";"0762";"RIEC Oost Brabant";"1398196"
"Deventer";"0150";"RIEC Oost-Nederland";"3167052"
"Diemen";"0384";"RIEC Amsterdam";"1008808"
"Dinkelland";"1774";"RIEC Oost-Nederland";"3167052"
"Doesburg";"0221";"RIEC Oost-Nederland";"3167052"
"Doetinchem";"0222";"RIEC Oost-Nederland";"3167052"
"Dongen";"0766";"RIEC Zuid-West Nederland";"1471846"
"Dongeradeel";"0058";"RIEC Noord";"1719039"
"Dordrecht";"0505";"RIEC Rotterdam";"1764400"
"Drechterland";"0498";"RIEC Noord-Holland";"1506815"
"Drimmelen";"1719";"RIEC Zuid-West Nederland";"1471846"
"Dronten";"0303";"RIEC Midden Nederland";"1911552"
"Druten";"0225";"RIEC Oost-Nederland";"3167052"
"Duiven";"0226";"RIEC Oost-Nederland";"3167052"
"Echt-Susteren";"1711";"RIEC Limburg";"1118054"
"Edam-Volendam";"0385";"RIEC Noord-Holland";"1506815"
"Ede";"0228";"RIEC Oost-Nederland";"3167052"
"Eemnes";"0317";"RIEC Midden Nederland";"1911552"
"Eemsmond";"1651";"RIEC Noord";"1719039"
"Eersel";"0770";"RIEC Oost Brabant";"1398196"
"Eijsden-Margraten";"1903";"RIEC Limburg";"1118054"
"Eindhoven";"0772";"RIEC Oost Brabant";"1398196"
"Elburg";"0230";"RIEC Oost-Nederland";"3167052"
"Emmen";"0114";"RIEC Noord";"1719039"
"Enkhuizen";"0388";"RIEC Noord-Holland";"1506815"
"Enschede";"0153";"RIEC Oost-Nederland";"3167052"
"Epe";"0232";"RIEC Oost-Nederland";"3167052"
"Ermelo";"0233";"RIEC Oost-Nederland";"3167052"
"Etten-Leur";"0777";"RIEC Zuid-West Nederland";"1471846"
"Ferwerderadiel";"1722";"RIEC Noord";"1719039"
"Franekeradeel";"0070";"RIEC Noord";"1719039"
"Geertruidenberg";"0779";"RIEC Zuid-West Nederland";"1471846"
"Geldermalsen";"0236";"RIEC Oost-Nederland";"3167052"
"Geldrop-Mierlo";"1771";"RIEC Oost Brabant";"1398196"
"Gemert-Bakel";"1652";"RIEC Oost Brabant";"1398196"
"Gennep";"0907";"RIEC Limburg";"1118054"
"Giessenlanden";"0689";"RIEC Rotterdam";"1764400"
"Gilze en Rijen";"0784";"RIEC Zuid-West Nederland";"1471846"
"Goeree-Overflakkee";"1924";"RIEC Rotterdam";"1764400"
"Goes";"0664";"RIEC Zuid-West Nederland";"1471846"
"Goirle";"0785";"RIEC Zuid-West Nederland";"1471846"
"Gooise Meren";"1942";"RIEC Midden Nederland";"1911552"
"Gorinchem";"0512";"RIEC Rotterdam";"1764400"
"Gouda";"0513";"RIEC Haaglanden / Hollands Midden";"1836384"
"Grave";"0786";"RIEC Oost Brabant";"1398196"
"'s-Gravenhage";"0518";"RIEC Haaglanden / Hollands Midden";"1836384"
"Groningen";"0014";"RIEC Noord";"1719039"
"Grootegast";"0015";"RIEC Noord";"1719039"
"Gulpen-Wittem";"1729";"RIEC Limburg";"1118054"
"Haaksbergen";"0158";"RIEC Oost-Nederland";"3167052"
"Haaren";"0788";"RIEC Oost Brabant";"1398196"
"Haarlem";"0392";"RIEC Noord-Holland";"1506815"
"Haarlemmerliede en Spaarnwoude";"0393";"RIEC Noord-Holland";"1506815"
"Haarlemmermeer";"0394";"RIEC Noord-Holland";"1506815"
"Halderberge";"1655";"RIEC Zuid-West Nederland";"1471846"
"Hardenberg";"0160";"RIEC Oost-Nederland";"3167052"
"Harderwijk";"0243";"RIEC Oost-Nederland";"3167052"
"Hardinxveld-Giessendam";"0523";"RIEC Rotterdam";"1764400"
"Haren";"0017";"RIEC Noord";"1719039"
"Harlingen";"0072";"RIEC Noord";"1719039"
"Hattem";"0244";"RIEC Oost-Nederland";"3167052"
"Heemskerk";"0396";"RIEC Noord-Holland";"1506815"
"Heemstede";"0397";"RIEC Noord-Holland";"1506815"
"Heerde";"0246";"RIEC Oost-Nederland";"3167052"
"Heerenveen";"0074";"RIEC Noord";"1719039"
"Heerhugowaard";"0398";"RIEC Noord-Holland";"1506815"
"Heerlen";"0917";"RIEC Limburg";"1118054"
"Heeze-Leende";"1658";"RIEC Oost Brabant";"1398196"
"Heiloo";"0399";"RIEC Noord-Holland";"1506815"
"Hellendoorn";"0163";"RIEC Oost-Nederland";"3167052"
"Hellevoetsluis";"0530";"RIEC Rotterdam";"1764400"
"Helmond";"0794";"RIEC Oost Brabant";"1398196"
"Hendrik-Ido-Ambacht";"0531";"RIEC Rotterdam";"1764400"
"Hengelo (O)";"0164";"RIEC Oost-Nederland";"3167052"
"'s-Hertogenbosch";"0796";"RIEC Oost Brabant";"1398196"
"het Bildt";"0063";"RIEC Noord";"1719039"
"Heumen";"0252";"RIEC Oost-Nederland";"3167052"
"Heusden";"0797";"RIEC Oost Brabant";"1398196"
"Hillegom";"0534";"RIEC Haaglanden / Hollands Midden";"1836384"
"Hilvarenbeek";"0798";"RIEC Zuid-West Nederland";"1471846"
"Hilversum";"0402";"RIEC Midden Nederland";"1911552"
"Hof van Twente";"1735";"RIEC Oost-Nederland";"3167052"
"Hollands Kroon";"1911";"RIEC Noord-Holland";"1506815"
"Hoogeveen";"0118";"RIEC Noord";"1719039"
"Hoogezand-Sappemeer";"0018";"RIEC Noord";"1719039"
"Hoorn";"0405";"RIEC Noord-Holland";"1506815"
"Horst aan de Maas";"1507";"RIEC Limburg";"1118054"
"Houten";"0321";"RIEC Midden Nederland";"1911552"
"Huizen";"0406";"RIEC Midden Nederland";"1911552"
"Hulst";"0677";"RIEC Zuid-West Nederland";"1471846"
"IJsselstein";"0353";"RIEC Midden Nederland";"1911552"
"Kaag en Braassem";"1884";"RIEC Haaglanden / Hollands Midden";"1836384"
"Kampen";"0166";"RIEC Oost-Nederland";"3167052"
"Kapelle";"0678";"RIEC Zuid-West Nederland";"1471846"
"Katwijk";"0537";"RIEC Haaglanden / Hollands Midden";"1836384"
"Kerkrade";"0928";"RIEC Limburg";"1118054"
"Koggenland";"1598";"RIEC Noord-Holland";"1506815"
"Kollumerland en Nieuwkruisland";"0079";"RIEC Noord";"1719039"
"Korendijk";"0588";"RIEC Rotterdam";"1764400"
"Krimpen aan den IJssel";"0542";"RIEC Rotterdam";"1764400"
"Krimpenerwaard";"1931";"RIEC Haaglanden / Hollands Midden";"1836384"
"Laarbeek";"1659";"RIEC Oost Brabant";"1398196"
"Landerd";"1685";"RIEC Oost Brabant";"1398196"
"Landgraaf";"0882";"RIEC Limburg";"1118054"
"Landsmeer";"0415";"RIEC Noord-Holland";"1506815"
"Langedijk";"0416";"RIEC Noord-Holland";"1506815"
"Lansingerland";"1621";"RIEC Rotterdam";"1764400"
"Laren";"0417";"RIEC Midden Nederland";"1911552"
"Leek";"0022";"RIEC Noord";"1719039"
"Leerdam";"0545";"RIEC Rotterdam";"1764400"
"Leeuwarden";"0080";"RIEC Noord";"1719039"
"Leeuwarderadeel";"0081";"RIEC Noord";"1719039"
"Leiden";"0546";"RIEC Haaglanden / Hollands Midden";"1836384"
"Leiderdorp";"0547";"RIEC Haaglanden / Hollands Midden";"1836384"
"Leidschendam-Voorburg";"1916";"RIEC Haaglanden / Hollands Midden";"1836384"
"Lelystad";"0995";"RIEC Midden Nederland";"1911552"
"Leudal";"1640";"RIEC Limburg";"1118054"
"Leusden";"0327";"RIEC Midden Nederland";"1911552"
"Lingewaal";"0733";"RIEC Oost-Nederland";"3167052"
"Lingewaard";"1705";"RIEC Oost-Nederland";"3167052"
"Lisse";"0553";"RIEC Haaglanden / Hollands Midden";"1836384"
"Littenseradiel";"0140";"RIEC Noord";"1719039"
"Lochem";"0262";"RIEC Oost-Nederland";"3167052"
"Loon op Zand";"0809";"RIEC Zuid-West Nederland";"1471846"
"Lopik";"0331";"RIEC Midden Nederland";"1911552"
"Loppersum";"0024";"RIEC Noord";"1719039"
"Losser";"0168";"RIEC Oost-Nederland";"3167052"
"Maasdriel";"0263";"RIEC Oost-Nederland";"3167052"
"Maasgouw";"1641";"RIEC Limburg";"1118054"
"Maassluis";"0556";"RIEC Rotterdam";"1764400"
"Maastricht";"0935";"RIEC Limburg";"1118054"
"Marum";"0025";"RIEC Noord";"1719039"
"Medemblik";"0420";"RIEC Noord-Holland";"1506815"
"Meerssen";"0938";"RIEC Limburg";"1118054"
"Menameradiel";"1908";"RIEC Noord";"1719039"
"Menterwolde";"1987";"RIEC Noord";"1719039"
"Meppel";"0119";"RIEC Noord";"1719039"
"Middelburg";"0687";"RIEC Zuid-West Nederland";"1471846"
"Midden-Delfland";"1842";"RIEC Haaglanden / Hollands Midden";"1836384"
"Midden-Drenthe";"1731";"RIEC Noord";"1719039"
"Mill en Sint Hubert";"0815";"RIEC Oost Brabant";"1398196"
"Moerdijk";"1709";"RIEC Zuid-West Nederland";"1471846"
"Molenwaard";"1927";"RIEC Rotterdam";"1764400"
"Montferland";"1955";"RIEC Oost-Nederland";"3167052"
"Montfoort";"0335";"RIEC Midden Nederland";"1911552"
"Mook en Middelaar";"0944";"RIEC Limburg";"1118054"
"Neder-Betuwe";"1740";"RIEC Oost-Nederland";"3167052"
"Nederweert";"0946";"RIEC Limburg";"1118054"
"Neerijnen";"0304";"RIEC Oost-Nederland";"3167052"
"Nieuwegein";"0356";"RIEC Midden Nederland";"1911552"
"Nieuwkoop";"0569";"RIEC Haaglanden / Hollands Midden";"1836384"
"Nijkerk";"0267";"RIEC Oost-Nederland";"3167052"
"Nijmegen";"0268";"RIEC Oost-Nederland";"3167052"
"Nissewaard";"1930";"RIEC Rotterdam";"1764400"
"Noord-Beveland";"1695";"RIEC Zuid-West Nederland";"1471846"
"Noordenveld";"1699";"RIEC Noord";"1719039"
"Noordoostpolder";"0171";"RIEC Midden Nederland";"1911552"
"Noordwijk";"0575";"RIEC Haaglanden / Hollands Midden";"1836384"
"Noordwijkerhout";"0576";"RIEC Haaglanden / Hollands Midden";"1836384"
"Nuenen, Gerwen en Nederwetten";"0820";"RIEC Oost Brabant";"1398196"
"Nunspeet";"0302";"RIEC Oost-Nederland";"3167052"
"Nuth";"0951";"RIEC Limburg";"1118054"
"Oegstgeest";"0579";"RIEC Haaglanden / Hollands Midden";"1836384"
"Oirschot";"0823";"RIEC Oost Brabant";"1398196"
"Oisterwijk";"0824";"RIEC Zuid-West Nederland";"1471846"
"Oldambt";"1895";"RIEC Noord";"1719039"
"Oldebroek";"0269";"RIEC Oost-Nederland";"3167052"
"Oldenzaal";"0173";"RIEC Oost-Nederland";"3167052"
"Olst-Wijhe";"1773";"RIEC Oost-Nederland";"3167052"
"Ommen";"0175";"RIEC Oost-Nederland";"3167052"
"Onderbanken";"0881";"RIEC Limburg";"1118054"
"Oost Gelre";"1586";"RIEC Oost-Nederland";"3167052"
"Oosterhout";"0826";"RIEC Zuid-West Nederland";"1471846"
"Ooststellingwerf";"0085";"RIEC Noord";"1719039"
"Oostzaan";"0431";"RIEC Noord-Holland";"1506815"
"Opmeer";"0432";"RIEC Noord-Holland";"1506815"
"Opsterland";"0086";"RIEC Noord";"1719039"
"Oss";"0828";"RIEC Oost Brabant";"1398196"
"Oud-Beijerland";"0584";"RIEC Rotterdam";"1764400"
"Oude IJsselstreek";"1509";"RIEC Oost-Nederland";"3167052"
"Ouder-Amstel";"0437";"RIEC Amsterdam";"1008808"
"Oudewater";"0589";"RIEC Midden Nederland";"1911552"
"Overbetuwe";"1734";"RIEC Oost-Nederland";"3167052"
"Papendrecht";"0590";"RIEC Rotterdam";"1764400"
"Peel en Maas";"1894";"RIEC Limburg";"1118054"
"Pekela";"0765";"RIEC Noord";"1719039"
"Pijnacker-Nootdorp";"1926";"RIEC Haaglanden / Hollands Midden";"1836384"
"Purmerend";"0439";"RIEC Noord-Holland";"1506815"
"Putten";"0273";"RIEC Oost-Nederland";"3167052"
"Raalte";"0177";"RIEC Oost-Nederland";"3167052"
"Reimerswaal";"0703";"RIEC Zuid-West Nederland";"1471846"
"Renkum";"0274";"RIEC Oost-Nederland";"3167052"
"Renswoude";"0339";"RIEC Midden Nederland";"1911552"
"Reusel-De Mierden";"1667";"RIEC Oost Brabant";"1398196"
"Rheden";"0275";"RIEC Oost-Nederland";"3167052"
"Rhenen";"0340";"RIEC Midden Nederland";"1911552"
"Ridderkerk";"0597";"RIEC Rotterdam";"1764400"
"Rijnwaarden";"0196";"RIEC Oost-Nederland";"3167052"
"Rijssen-Holten";"1742";"RIEC Oost-Nederland";"3167052"
"Rijswijk";"0603";"RIEC Haaglanden / Hollands Midden";"1836384"
"Roerdalen";"1669";"RIEC Limburg";"1118054"
"Roermond";"0957";"RIEC Limburg";"1118054"
"Roosendaal";"1674";"RIEC Zuid-West Nederland";"1471846"
"Rotterdam";"0599";"RIEC Rotterdam";"1764400"
"Rozendaal";"0277";"RIEC Oost-Nederland";"3167052"
"Rucphen";"0840";"RIEC Zuid-West Nederland";"1471846"
"Schagen";"0441";"RIEC Noord-Holland";"1506815"
"Scherpenzeel";"0279";"RIEC Oost-Nederland";"3167052"
"Schiedam";"0606";"RIEC Rotterdam";"1764400"
"Schiermonnikoog";"0088";"RIEC Noord";"1719039"
"Schijndel";"0844";"RIEC Oost Brabant";"1398196"
"Schinnen";"0962";"RIEC Limburg";"1118054"
"Schouwen-Duiveland";"1676";"RIEC Zuid-West Nederland";"1471846"
"Simpelveld";"0965";"RIEC Limburg";"1118054"
"Sint Anthonis";"1702";"RIEC Oost Brabant";"1398196"
"Sint-Michielsgestel";"0845";"RIEC Oost Brabant";"1398196"
"Sint-Oedenrode";"0846";"RIEC Oost Brabant";"1398196"
"Sittard-Geleen";"1883";"RIEC Limburg";"1118054"
"Sliedrecht";"0610";"RIEC Rotterdam";"1764400"
"Slochteren";"0040";"RIEC Noord";"1719039"
"Sluis";"1714";"RIEC Zuid-West Nederland";"1471846"
"Smallingerland";"0090";"RIEC Noord";"1719039"
"Soest";"0342";"RIEC Midden Nederland";"1911552"
"Someren";"0847";"RIEC Oost Brabant";"1398196"
"Son en Breugel";"0848";"RIEC Oost Brabant";"1398196"
"Stadskanaal";"0037";"RIEC Noord";"1719039"
"Staphorst";"0180";"RIEC Oost-Nederland";"3167052"
"Stede Broec";"0532";"RIEC Noord-Holland";"1506815"
"Steenbergen";"0851";"RIEC Zuid-West Nederland";"1471846"
"Steenwijkerland";"1708";"RIEC Oost-Nederland";"3167052"
"Stein";"0971";"RIEC Limburg";"1118054"
"Stichtse Vecht";"1904";"RIEC Midden Nederland";"1911552"
"Strijen";"0617";"RIEC Rotterdam";"1764400"
"Súdwest Fryslân";"1900";"RIEC Noord";"1719039"
"Ten Boer";"0009";"RIEC Noord";"1719039"
"Terneuzen";"0715";"RIEC Zuid-West Nederland";"1471846"
"Terschelling";"0093";"RIEC Noord";"1719039"
"Texel";"0448";"RIEC Noord-Holland";"1506815"
"Teylingen";"1525";"RIEC Haaglanden / Hollands Midden";"1836384"
"Tholen";"0716";"RIEC Zuid-West Nederland";"1471846"
"Tiel";"0281";"RIEC Oost-Nederland";"3167052"
"Tilburg";"0855";"RIEC Zuid-West Nederland";"1471846"
"Tubbergen";"0183";"RIEC Oost-Nederland";"3167052"
"Twenterand";"1700";"RIEC Oost-Nederland";"3167052"
"Tynaarlo";"1730";"RIEC Noord";"1719039"
"Tytsjerksteradiel";"0737";"RIEC Noord";"1719039"
"Uden";"0856";"RIEC Oost Brabant";"1398196"
"Uitgeest";"0450";"RIEC Noord-Holland";"1506815"
"Uithoorn";"0451";"RIEC Amsterdam";"1008808"
"Urk";"0184";"RIEC Midden Nederland";"1911552"
"Utrecht";"0344";"RIEC Midden Nederland";"1911552"
"Utrechtse Heuvelrug";"1581";"RIEC Midden Nederland";"1911552"
"Vaals";"0981";"RIEC Limburg";"1118054"
"Valkenburg aan de Geul";"0994";"RIEC Limburg";"1118054"
"Valkenswaard";"0858";"RIEC Oost Brabant";"1398196"
"Veendam";"0047";"RIEC Noord";"1719039"
"Veenendaal";"0345";"RIEC Midden Nederland";"1911552"
"Veere";"0717";"RIEC Zuid-West Nederland";"1471846"
"Veghel";"0860";"RIEC Oost Brabant";"1398196"
"Veldhoven";"0861";"RIEC Oost Brabant";"1398196"
"Velsen";"0453";"RIEC Noord-Holland";"1506815"
"Venlo";"0983";"RIEC Limburg";"1118054"
"Venray";"0984";"RIEC Limburg";"1118054"
"Vianen";"0620";"RIEC Midden Nederland";"1911552"
"Vlaardingen";"0622";"RIEC Rotterdam";"1764400"
"Vlagtwedde";"0048";"RIEC Noord";"1719039"
"Vlieland";"0096";"RIEC Noord";"1719039"
"Vlissingen";"0718";"RIEC Zuid-West Nederland";"1471846"
"Voerendaal";"0986";"RIEC Limburg";"1118054"
"Voorschoten";"0626";"RIEC Haaglanden / Hollands Midden";"1836384"
"Voorst";"0285";"RIEC Oost-Nederland";"3167052"
"Vught";"0865";"RIEC Oost Brabant";"1398196"
"Waalre";"0866";"RIEC Oost Brabant";"1398196"
"Waalwijk";"0867";"RIEC Zuid-West Nederland";"1471846"
"Waddinxveen";"0627";"RIEC Haaglanden / Hollands Midden";"1836384"
"Wageningen";"0289";"RIEC Oost-Nederland";"3167052"
"Wassenaar";"0629";"RIEC Haaglanden / Hollands Midden";"1836384"
"Waterland";"0852";"RIEC Noord-Holland";"1506815"
"Weert";"0988";"RIEC Limburg";"1118054"
"Weesp";"0457";"RIEC Midden Nederland";"1911552"
"Werkendam";"0870";"RIEC Zuid-West Nederland";"1471846"
"West Maas en Waal";"0668";"RIEC Oost-Nederland";"3167052"
"Westerveld";"1701";"RIEC Noord";"1719039"
"Westervoort";"0293";"RIEC Oost-Nederland";"3167052"
"Westland";"1783";"RIEC Haaglanden / Hollands Midden";"1836384"
"Weststellingwerf";"0098";"RIEC Noord";"1719039"
"Westvoorne";"0614";"RIEC Rotterdam";"1764400"
"Wierden";"0189";"RIEC Oost-Nederland";"3167052"
"Wijchen";"0296";"RIEC Oost-Nederland";"3167052"
"Wijdemeren";"1696";"RIEC Midden Nederland";"1911552"
"Wijk bij Duurstede";"0352";"RIEC Midden Nederland";"1911552"
"Winsum";"0053";"RIEC Noord";"1719039"
"Winterswijk";"0294";"RIEC Oost-Nederland";"3167052"
"Woensdrecht";"0873";"RIEC Zuid-West Nederland";"1471846"
"Woerden";"0632";"RIEC Midden Nederland";"1911552"
"Wormerland";"0880";"RIEC Noord-Holland";"1506815"
"Woudenberg";"0351";"RIEC Midden Nederland";"1911552"
"Woudrichem";"0874";"RIEC Zuid-West Nederland";"1471846"
"Zaanstad";"0479";"RIEC Noord-Holland";"1506815"
"Zaltbommel";"0297";"RIEC Oost-Nederland";"3167052"
"Zandvoort";"0473";"RIEC Noord-Holland";"1506815"
"Zederik";"0707";"RIEC Rotterdam";"1764400"
"Zeewolde";"0050";"RIEC Midden Nederland";"1911552"
"Zeist";"0355";"RIEC Midden Nederland";"1911552"
"Zevenaar";"0299";"RIEC Oost-Nederland";"3167052"
"Zoetermeer";"0637";"RIEC Haaglanden / Hollands Midden";"1836384"
"Zoeterwoude";"0638";"RIEC Haaglanden / Hollands Midden";"1836384"
"Zuidhorn";"0056";"RIEC Noord";"1719039"
"Zuidplas";"1892";"RIEC Haaglanden / Hollands Midden";"1836384"
"Zundert";"0879";"RIEC Zuid-West Nederland";"1471846"
"Zutphen";"0301";"RIEC Oost-Nederland";"3167052"
"Zwartewaterland";"1896";"RIEC Oost-Nederland";"3167052"
"Zwijndrecht";"0642";"RIEC Rotterdam";"1764400"
"Zwolle";"0193";"RIEC Oost-Nederland";"3167052"