{"name":"regioatlas","title":"Regioatlas.nl","description":"Op OpenGR is een netwerk van bovenlokale indelingen en regio's te vinden. De data hebben we ontsloten uit de website regioatlas.nl van het Ministerie van Binnenlandse Zaken waar het informatie verzameld van bovenlokale samenwerkingsverbanden. Dit zijn zowel rijksregio’s als intergemeentelijke samenwerkingsverbanden. De samenwerkingsverbanden zijn ondergebracht in vier beleidsdomeinen: Sociaal (o.a. Jeugdzorg, AWBZ-regio’s, Passend Onderwijs, UWV-werkgebieden) Veiligheid (o.a. veiligheidsregio’s, RIECS, Veiligheidshuizen, Politieregio’s) Bestuurlijk (o.a. Arrondissementen, ressorten, COROP-regio’s) Fysiek (o.a. RUD’s, MIRT-regio’s, Regionale diensten Rijkswaterstaat). Op deze website is echter geen specifieke informatie te vinden over gemeenschappelijke regelingen of verbonden partijen.\n\nOp 12 februari 2016 heeft Open State Foundation een verzoek tot hergebruik gebruik gedaan voor deze data. In antwoord daarop werd verwezen naar de website regioatlas.nl zelf. Op 29 februari 2016 heeft Open State Foundation via data.overheid.nl een dataverzoek (2016-00) gedaan. Het dataverzoek werd 'doorverwezen naar de data-eigenaar. Op dit moment wordt een overzicht van gemeenschappelijke regelingen opgebouwd en klaargemaakt voor publicatie. Er is nog geen datum bekend wanneer deze beschikbaar komt'.","homepage":"https://github.com/openstate/datasets/tree/master/gemeenschappelijke_regelingen/regioatlas","license":"ODC-PDDL-1.0","resources":[{"name":"arrondissementen1","title":"Arrondissementen","description":"Bestuurlijk","schema":{"fields":[{"name":"Gemeente","type":"string","format":"default"},{"name":"CBS","type":"integer","format":"default"},{"name":"Arrondissementen","type":"string","format":"default"},{"name":"Inwoneraantal van regio","type":"integer","format":"default"}]},"path":"arrondissementen1.csv","format":"CSV","mediatype":"text/csv","bytes":0},{"name":"coropplusregios","title":"Coropplusregios","description":"Bestuurlijk","schema":{"fields":[{"name":"Gemeente","type":"string","format":"default"},{"name":"CBS","type":"integer","format":"default"},{"name":"COROP plusregio's","type":"string","format":"default"},{"name":"Inwoneraantal van regio","type":"integer","format":"default"}]},"path":"coropplusregios.csv","format":"CSV","mediatype":"text/csv","bytes":0},{"name":"coropregios","title":"Coropregios","description":"Bestuurlijk","schema":{"fields":[{"name":"Gemeente","type":"string","format":"default"},{"name":"CBS","type":"integer","format":"default"},{"name":"COROP regio's","type":"string","format":"default"},{"name":"Inwoneraantal van regio","type":"integer","format":"default"}]},"path":"coropregios.csv","format":"CSV","mediatype":"text/csv","bytes":0},{"name":"coropsubregios","title":"Coropsubregios","description":"Bestuurlijk","schema":{"fields":[{"name":"Gemeente","type":"string","format":"default"},{"name":"CBS","type":"integer","format":"default"},{"name":"COROP subregio's","type":"string","format":"default"},{"name":"Inwoneraantal van regio","type":"integer","format":"default"}]},"path":"coropsubregios.csv","format":"CSV","mediatype":"text/csv","bytes":0},{"name":"nuts1regioslandsdelen","title":"Nuts Regioslandsdelen","description":"Bestuurlijk","schema":{"fields":[{"name":"Gemeente","type":"string","format":"default"},{"name":"CBS","type":"integer","format":"default"},{"name":"NUTS-1 Regio's (Landsdelen)","type":"string","format":"default"},{"name":"Inwoneraantal van regio","type":"integer","format":"default"}]},"path":"nuts1regioslandsdelen.csv","format":"CSV","mediatype":"text/csv","bytes":0},{"name":"nuts2regiosprovincies","title":"Nuts Regiosprovincies","description":"Bestuurlijk","schema":{"fields":[{"name":"Gemeente","type":"string","format":"default"},{"name":"CBS","type":"integer","format":"default"},{"name":"NUTS-2 Regio's (Provincies)","type":"string","format":"default"},{"name":"Inwoneraantal van regio","type":"integer","format":"default"}]},"path":"nuts2regiosprovincies.csv","format":"CSV","mediatype":"text/csv","bytes":0},{"name":"nuts3regios","title":"Nuts Regios","description":"Bestuurlijk","schema":{"fields":[{"name":"Gemeente","type":"string","format":"default"},{"name":"CBS","type":"integer","format":"default"},{"name":"NUTS-3 Regio's","type":"string","format":"default"},{"name":"Inwoneraantal van regio","type":"integer","format":"default"}]},"path":"nuts3regios.csv","format":"CSV","mediatype":"text/csv","bytes":0},{"name":"provincies","title":"Provincies","description":"Bestuurlijk","schema":{"fields":[{"name":"Gemeente","type":"string","format":"default"},{"name":"CBS","type":"integer","format":"default"},{"name":"Provincies","type":"string","format":"default"},{"name":"Inwoneraantal van regio","type":"integer","format":"default"}]},"path":"provincies.csv","format":"CSV","mediatype":"text/csv","bytes":0},{"name":"ressorten1","title":"Ressorten","description":"Bestuurlijk","schema":{"fields":[{"name":"Gemeente","type":"string","format":"default"},{"name":"CBS","type":"integer","format":"default"},{"name":"Ressorten","type":"string","format":"default"},{"name":"Inwoneraantal van regio","type":"integer","format":"default"}]},"path":"ressorten1.csv","format":"CSV","mediatype":"text/csv","bytes":0},{"name":"mirtgebieden","title":"Mirtgebieden","description":"Fysiek","schema":{"fields":[{"name":"Gemeente","type":"string","format":"default"},{"name":"CBS","type":"integer","format":"default"},{"name":"MIRT-gebieden","type":"string","format":"default"},{"name":"Inwoneraantal van regio","type":"integer","format":"default"}]},"path":"mirtgebieden.csv","format":"CSV","mediatype":"text/csv","bytes":0},{"name":"omgevingsdienstenregionaleuitvoeringsdiensten","title":"Omgevingsdienstenregionaleuitvoeringsdiensten","description":"Fysiek","schema":{"fields":[{"name":"Gemeente","type":"string","format":"default"},{"name":"CBS","type":"integer","format":"default"},{"name":"Omgevingsdiensten (Regionale uitvoeringsdiensten)","type":"string","format":"default"},{"name":"Inwoneraantal van regio","type":"integer","format":"default"}]},"path":"omgevingsdienstenregionaleuitvoeringsdiensten.csv","format":"CSV","mediatype":"text/csv","bytes":0},{"name":"regionaleuitvoeringsdienstenbrzo","title":"Regionaleuitvoeringsdienstenbrzo","description":"Fysiek","schema":{"fields":[{"name":"Gemeente","type":"string","format":"default"},{"name":"CBS","type":"integer","format":"default"},{"name":"Regionale Uitvoeringsdiensten - BRZO","type":"string","format":"default"},{"name":"Inwoneraantal van regio","type":"integer","format":"default"}]},"path":"regionaleuitvoeringsdienstenbrzo.csv","format":"CSV","mediatype":"text/csv","bytes":0},{"name":"arbeidsmarktregios","title":"Arbeidsmarktregios","description":"Sociaal","schema":{"fields":[{"name":"Gemeente","type":"string","format":"default"},{"name":"CBS","type":"integer","format":"default"},{"name":"Arbeidsmarktregio's","type":"string","format":"default"},{"name":"Inwoneraantal van regio","type":"integer","format":"default"}]},"path":"arbeidsmarktregios.csv","format":"CSV","mediatype":"text/csv","bytes":0},{"name":"centrumgemeentemaatschappelijkeopvangbeschermdwonen","title":"Centrumgemeentemaatschappelijkeopvangbeschermdwonen","description":"Sociaal","schema":{"fields":[{"name":"Gemeente","type":"string","format":"default"},{"name":"CBS","type":"integer","format":"default"},{"name":"Centrumgemeente maatschappelijke opvang & beschermd wonen","type":"string","format":"default"},{"name":"Inwoneraantal van regio","type":"integer","format":"default"}]},"path":"centrumgemeentemaatschappelijkeopvangbeschermdwonen.csv","format":"CSV","mediatype":"text/csv","bytes":0},{"name":"centrumgemeentenvrouwenopvanggeweldinhuiselijkekring","title":"Centrumgemeentenvrouwenopvanggeweldinhuiselijkekring","description":"Sociaal","schema":{"fields":[{"name":"Gemeente","type":"string","format":"default"},{"name":"CBS","type":"integer","format":"default"},{"name":"Centrumgemeenten vrouwenopvang / geweld in huiselijke kring","type":"string","format":"default"},{"name":"Inwoneraantal van regio","type":"integer","format":"default"}]},"path":"centrumgemeentenvrouwenopvanggeweldinhuiselijkekring.csv","format":"CSV","mediatype":"text/csv","bytes":0},{"name":"ggds","title":"Ggds","description":"Sociaal","schema":{"fields":[{"name":"Gemeente","type":"string","format":"default"},{"name":"CBS","type":"integer","format":"default"},{"name":"GGD's","type":"string","format":"default"},{"name":"Inwoneraantal van regio","type":"integer","format":"default"}]},"path":"ggds.csv","format":"CSV","mediatype":"text/csv","bytes":0},{"name":"intergemeentelijkesocialediensten","title":"Intergemeentelijkesocialediensten","description":"Sociaal","schema":{"fields":[{"name":"Gemeente","type":"string","format":"default"},{"name":"CBS","type":"integer","format":"default"},{"name":"Intergemeentelijke sociale diensten","type":"string","format":"default"},{"name":"Inwoneraantal van regio","type":"integer","format":"default"}]},"path":"intergemeentelijkesocialediensten.csv","format":"CSV","mediatype":"text/csv","bytes":0},{"name":"hlzregioshervorminglangdurigezorg","title":"Hlzregioshervorminglangdurigezorg","description":"Sociaal","schema":{"fields":[{"name":"Gemeente","type":"string","format":"default"},{"name":"CBS","type":"integer","format":"default"},{"name":"HLZ-regio's (Hervorming Langdurige Zorg)","type":"string","format":"default"},{"name":"Inwoneraantal van regio","type":"integer","format":"default"}]},"path":"hlzregioshervorminglangdurigezorg.csv","format":"CSV","mediatype":"text/csv","bytes":0},{"name":"jeugdzorgregios1","title":"Jeugdzorgregios","description":"Sociaal","schema":{"fields":[{"name":"Gemeente","type":"string","format":"default"},{"name":"CBS","type":"integer","format":"default"},{"name":"Jeugdzorgregio's","type":"string","format":"default"},{"name":"Inwoneraantal van regio","type":"integer","format":"default"}]},"path":"jeugdzorgregios1.csv","format":"CSV","mediatype":"text/csv","bytes":0},{"name":"kamervankoophandel","title":"Kamervankoophandel","description":"Sociaal","schema":{"fields":[{"name":"Gemeente","type":"string","format":"default"},{"name":"CBS","type":"integer","format":"default"},{"name":"Kamer van Koophandel","type":"string","format":"default"},{"name":"Inwoneraantal van regio","type":"integer","format":"default"}]},"path":"kamervankoophandel.csv","format":"CSV","mediatype":"text/csv","bytes":0},{"name":"passendonderwijsprimaironderwijs","title":"Passendonderwijsprimaironderwijs","description":"Sociaal","schema":{"fields":[{"name":"Gemeente","type":"string","format":"default"},{"name":"CBS","type":"integer","format":"default"},{"name":"Passend Onderwijs - Primair Onderwijs ","type":"string","format":"default"},{"name":"Inwoneraantal van regio","type":"integer","format":"default"}]},"path":"passendonderwijsprimaironderwijs.csv","format":"CSV","mediatype":"text/csv","bytes":0},{"name":"passendonderwijsvoortgezetonderwijs","title":"Passendonderwijsvoortgezetonderwijs","description":"Sociaal","schema":{"fields":[{"name":"Gemeente","type":"string","format":"default"},{"name":"CBS","type":"integer","format":"default"},{"name":"Passend Onderwijs - Voortgezet Onderwijs","type":"string","format":"default"},{"name":"Inwoneraantal van regio","type":"integer","format":"default"}]},"path":"passendonderwijsvoortgezetonderwijs.csv","format":"CSV","mediatype":"text/csv","bytes":0},{"name":"rcfkenniscentrahandhaving","title":"Rcfkenniscentrahandhaving","description":"Sociaal","schema":{"fields":[{"name":"Gemeente","type":"string","format":"default"},{"name":"CBS","type":"integer","format":"default"},{"name":"RCF Kenniscentra Handhaving","type":"string","format":"default"},{"name":"Inwoneraantal van regio","type":"integer","format":"default"}]},"path":"rcfkenniscentrahandhaving.csv","format":"CSV","mediatype":"text/csv","bytes":0},{"name":"regionaleplatformsarbeidsmarkt","title":"Regionaleplatformsarbeidsmarkt","description":"Sociaal","schema":{"fields":[{"name":"Gemeente","type":"string","format":"default"},{"name":"CBS","type":"integer","format":"default"},{"name":"Regionale Platforms Arbeidsmarkt","type":"string","format":"default"},{"name":"Inwoneraantal van regio","type":"integer","format":"default"}]},"path":"regionaleplatformsarbeidsmarkt.csv","format":"CSV","mediatype":"text/csv","bytes":0},{"name":"rmcregiosregionaalmeldencoordinatiepunt","title":"Rmcregiosregionaalmeldencoordinatiepunt","description":"Sociaal","schema":{"fields":[{"name":"Gemeente","type":"string","format":"default"},{"name":"CBS","type":"integer","format":"default"},{"name":"RMC-regio's (Regionaal Meld- en Coördinatiepunt)","type":"string","format":"default"},{"name":"Inwoneraantal van regio","type":"integer","format":"default"}]},"path":"rmcregiosregionaalmeldencoordinatiepunt.csv","format":"CSV","mediatype":"text/csv","bytes":0},{"name":"socialewerkvoorziening","title":"Socialewerkvoorziening","description":"Sociaal","schema":{"fields":[{"name":"Gemeente","type":"string","format":"default"},{"name":"CBS","type":"integer","format":"default"},{"name":"Sociale Werkvoorziening","type":"string","format":"default"},{"name":"Inwoneraantal van regio","type":"integer","format":"default"}]},"path":"socialewerkvoorziening.csv","format":"CSV","mediatype":"text/csv","bytes":0},{"name":"veiligthuisregios","title":"Veiligthuisregios","description":"Sociaal","schema":{"fields":[{"name":"Gemeente","type":"string","format":"default"},{"name":"CBS","type":"integer","format":"default"},{"name":"Veilig Thuis regio's","type":"string","format":"default"},{"name":"Inwoneraantal van regio","type":"integer","format":"default"}]},"path":"veiligthuisregios.csv","format":"CSV","mediatype":"text/csv","bytes":0},{"name":"wmoregios","title":"Wmoregios","description":"Sociaal","schema":{"fields":[{"name":"Gemeente","type":"string","format":"default"},{"name":"CBS","type":"integer","format":"default"},{"name":"WMO-regio's","type":"string","format":"default"},{"name":"Inwoneraantal van regio","type":"integer","format":"default"}]},"path":"wmoregios.csv","format":"CSV","mediatype":"text/csv","bytes":0},{"name":"zorgkantoorregios","title":"Zorgkantoorregios","schema":{"fields":[{"name":"Gemeente","type":"string","format":"default"},{"name":"CBS","type":"integer","format":"default"},{"name":"Zorgkantoorregio's","type":"string","format":"default"},{"name":"Inwoneraantal van regio","type":"integer","format":"default"}]},"path":"zorgkantoorregios.csv","format":"CSV","mediatype":"text/csv","bytes":0},{"name":"politieeenheden","title":"Politieeenheden","description":"Veiligheid","schema":{"fields":[{"name":"Gemeente","type":"string","format":"default"},{"name":"CBS","type":"integer","format":"default"},{"name":"Politie-eenheden","type":"string","format":"default"},{"name":"Inwoneraantal van regio","type":"integer","format":"default"}]},"path":"politieeenheden.csv","format":"CSV","mediatype":"text/csv","bytes":0},{"name":"regionaalinformatieenexpertisecentra","title":"Regionaalinformatieenexpertisecentra","description":"Veiligheid","schema":{"fields":[{"name":"Gemeente","type":"string","format":"default"},{"name":"CBS","type":"integer","format":"default"},{"name":"Regionaal Informatie en Expertise Centra","type":"string","format":"default"},{"name":"Inwoneraantal van regio","type":"integer","format":"default"}]},"path":"regionaalinformatieenexpertisecentra.csv","format":"CSV","mediatype":"text/csv","bytes":0},{"name":"veiligheidshuizen","title":"Veiligheidshuizen","description":"Veiligheid","schema":{"fields":[{"name":"Gemeente","type":"string","format":"default"},{"name":"CBS","type":"integer","format":"default"},{"name":"Veiligheidshuizen","type":"string","format":"default"},{"name":"Inwoneraantal van regio","type":"integer","format":"default"}]},"path":"veiligheidshuizen.csv","format":"CSV","mediatype":"text/csv","bytes":0},{"name":"veiligheidsregios","title":"Veiligheidsregios","description":"Veiligheid","schema":{"fields":[{"name":"Gemeente","type":"string","format":"default"},{"name":"CBS","type":"integer","format":"default"},{"name":"Veiligheidsregio's","type":"string","format":"default"},{"name":"Inwoneraantal van regio","type":"integer","format":"default"}]},"path":"veiligheidsregios.csv","format":"CSV","mediatype":"text/csv","bytes":0},{"name":"vptregios2014","title":"Vptregios","description":"Veiligheid","schema":{"fields":[{"name":"Gemeente","type":"string","format":"default"},{"name":"CBS","type":"integer","format":"default"},{"name":"VPT-regio's 2014","type":"string","format":"default"},{"name":"Inwoneraantal van regio","type":"integer","format":"default"}]},"path":"vptregios2014.csv","format":"CSV","mediatype":"text/csv","bytes":0}]}