﻿"Gemeente";"CBS";"Zorgkantoorregio's";"Inwoneraantal van regio"
"Aa en Hunze";"1680";"Zorgkantoor Drenthe";"488611"
"Aalburg";"0738";"Zorgkantoor West-Brabant";"694612"
"Aalsmeer";"0358";"Zorgkantoor Amstelland en De Meerlanden";"304385"
"Aalten";"0197";"Zorgkantoor Arnhem";"927793"
"Achtkarspelen";"0059";"Zorgkantoor Friesland";"646324"
"Alblasserdam";"0482";"Zorgkantoor Waardenland";"400351"
"Albrandswaard";"0613";"Zorgkantoor Zuid-Hollandse Eilanden";"405111"
"Alkmaar";"0361";"Zorgkantoor Noord-Holland Noord";"612627"
"Almelo";"0141";"Zorgkantoor Twente";"626009"
"Almere";"0034";"Zorgkantoor 't Gooi";"452283"
"Alphen aan den Rijn";"0484";"Zorgkantoor Zuid-Holland Noord";"549589"
"Alphen-Chaam";"1723";"Zorgkantoor West-Brabant";"694612"
"Ameland";"0060";"Zorgkantoor Friesland";"646324"
"Amersfoort";"0307";"Zorgkantoor Utrecht";"1295565"
"Amstelveen";"0362";"Zorgkantoor Amstelland en De Meerlanden";"304385"
"Amsterdam";"0363";"Zorgkantoor Amsterdam";"848605"
"Apeldoorn";"0200";"Zorgkantoor Apeldoorn / Zutphen";"309859"
"Appingedam";"0003";"Zorgkantoor Groningen";"584104"
"Arnhem";"0202";"Zorgkantoor Arnhem";"927793"
"Assen";"0106";"Zorgkantoor Drenthe";"488611"
"Asten";"0743";"Zorgkantoor Zuid-Oost Brabant";"752485"
"Baarle-Nassau";"0744";"Zorgkantoor West-Brabant";"694612"
"Baarn";"0308";"Zorgkantoor Utrecht";"1295565"
"Barendrecht";"0489";"Zorgkantoor Zuid-Hollandse Eilanden";"405111"
"Barneveld";"0203";"Zorgkantoor Arnhem";"927793"
"Bedum";"0005";"Zorgkantoor Groningen";"584104"
"Beek";"0888";"Zorgkantoor Zuid-Limburg";"602040"
"Beemster";"0370";"Zorgkantoor Zaanstreek / Waterland";"328233"
"Beesel";"0889";"Zorgkantoor Noord- en Midden-Limburg";"490976"
"Bellingwedde";"0007";"Zorgkantoor Groningen";"584104"
"Berg en Dal";"1945";"Zorgkantoor Nijmegen";"516743"
"Bergeijk";"1724";"Zorgkantoor Zuid-Oost Brabant";"752485"
"Bergen (L)";"0893";"Zorgkantoor Noord- en Midden-Limburg";"490976"
"Bergen (NH)";"0373";"Zorgkantoor Noord-Holland Noord";"612627"
"Bergen op Zoom";"0748";"Zorgkantoor West-Brabant";"694612"
"Berkelland";"1859";"Zorgkantoor Arnhem";"927793"
"Bernheze";"1721";"Zorgkantoor Noord-Oost Brabant";"654115"
"Best";"0753";"Zorgkantoor Zuid-Oost Brabant";"752485"
"Beuningen";"0209";"Zorgkantoor Nijmegen";"516743"
"Beverwijk";"0375";"Zorgkantoor Kennemerland";"421773"
"Binnenmaas";"0585";"Zorgkantoor Zuid-Hollandse Eilanden";"405111"
"Bladel";"1728";"Zorgkantoor Zuid-Oost Brabant";"752485"
"Blaricum";"0376";"Zorgkantoor 't Gooi";"452283"
"Bloemendaal";"0377";"Zorgkantoor Kennemerland";"421773"
"Bodegraven-Reeuwijk";"1901";"Zorgkantoor Midden-Holland";"224887"
"Boekel";"0755";"Zorgkantoor Noord-Oost Brabant";"654115"
"Borger-Odoorn";"1681";"Zorgkantoor Drenthe";"488611"
"Borne";"0147";"Zorgkantoor Twente";"626009"
"Borsele";"0654";"Zorgkantoor Zeeland";"380717"
"Boxmeer";"0756";"Zorgkantoor Noord-Oost Brabant";"654115"
"Boxtel";"0757";"Zorgkantoor Noord-Oost Brabant";"654115"
"Breda";"0758";"Zorgkantoor West-Brabant";"694612"
"Brielle";"0501";"Zorgkantoor Zuid-Hollandse Eilanden";"405111"
"Bronckhorst";"1876";"Zorgkantoor Arnhem";"927793"
"Brummen";"0213";"Zorgkantoor Apeldoorn / Zutphen";"309859"
"Brunssum";"0899";"Zorgkantoor Zuid-Limburg";"602040"
"Bunnik";"0312";"Zorgkantoor Utrecht";"1295565"
"Bunschoten";"0313";"Zorgkantoor Utrecht";"1295565"
"Buren";"0214";"Zorgkantoor Nijmegen";"516743"
"Capelle aan den IJssel";"0502";"Zorgkantoor Rotterdam";"720119"
"Castricum";"0383";"Zorgkantoor Kennemerland";"421773"
"Coevorden";"0109";"Zorgkantoor Drenthe";"488611"
"Cranendonck";"1706";"Zorgkantoor Zuid-Oost Brabant";"752485"
"Cromstrijen";"0611";"Zorgkantoor Zuid-Hollandse Eilanden";"405111"
"Cuijk";"1684";"Zorgkantoor Noord-Oost Brabant";"654115"
"Culemborg";"0216";"Zorgkantoor Nijmegen";"516743"
"Dalfsen";"0148";"Zorgkantoor Zwolle";"542425"
"Dantumadiel";"1891";"Zorgkantoor Friesland";"646324"
"De Bilt";"0310";"Zorgkantoor Utrecht";"1295565"
"De Fryske Marren";"1940";"Zorgkantoor Friesland";"646324"
"De Marne";"1663";"Zorgkantoor Groningen";"584104"
"De Ronde Venen";"0736";"Zorgkantoor Utrecht";"1295565"
"De Wolden";"1690";"Zorgkantoor Drenthe";"488611"
"Delft";"0503";"Zorgkantoor Delft Westland Oostland";"333409"
"Delfzijl";"0010";"Zorgkantoor Groningen";"584104"
"Den Helder";"0400";"Zorgkantoor Noord-Holland Noord";"612627"
"Deurne";"0762";"Zorgkantoor Zuid-Oost Brabant";"752485"
"Deventer";"0150";"Zorgkantoor Midden-IJssel";"176858"
"Diemen";"0384";"Zorgkantoor Amsterdam";"848605"
"Dinkelland";"1774";"Zorgkantoor Twente";"626009"
"Doesburg";"0221";"Zorgkantoor Arnhem";"927793"
"Doetinchem";"0222";"Zorgkantoor Arnhem";"927793"
"Dongen";"0766";"Zorgkantoor Midden-Brabant";"439653"
"Dongeradeel";"0058";"Zorgkantoor Friesland";"646324"
"Dordrecht";"0505";"Zorgkantoor Waardenland";"400351"
"Drechterland";"0498";"Zorgkantoor Noord-Holland Noord";"612627"
"Drimmelen";"1719";"Zorgkantoor West-Brabant";"694612"
"Dronten";"0303";"Zorgkantoor Flevoland";"204567"
"Druten";"0225";"Zorgkantoor Nijmegen";"516743"
"Duiven";"0226";"Zorgkantoor Arnhem";"927793"
"Echt-Susteren";"1711";"Zorgkantoor Noord- en Midden-Limburg";"490976"
"Edam-Volendam";"0385";"Zorgkantoor Zaanstreek / Waterland";"328233"
"Ede";"0228";"Zorgkantoor Arnhem";"927793"
"Eemnes";"0317";"Zorgkantoor 't Gooi";"452283"
"Eemsmond";"1651";"Zorgkantoor Groningen";"584104"
"Eersel";"0770";"Zorgkantoor Zuid-Oost Brabant";"752485"
"Eijsden-Margraten";"1903";"Zorgkantoor Zuid-Limburg";"602040"
"Eindhoven";"0772";"Zorgkantoor Zuid-Oost Brabant";"752485"
"Elburg";"0230";"Zorgkantoor Zwolle";"542425"
"Emmen";"0114";"Zorgkantoor Drenthe";"488611"
"Enkhuizen";"0388";"Zorgkantoor Noord-Holland Noord";"612627"
"Enschede";"0153";"Zorgkantoor Twente";"626009"
"Epe";"0232";"Zorgkantoor Apeldoorn / Zutphen";"309859"
"Ermelo";"0233";"Zorgkantoor Zwolle";"542425"
"Etten-Leur";"0777";"Zorgkantoor West-Brabant";"694612"
"Ferwerderadiel";"1722";"Zorgkantoor Friesland";"646324"
"Franekeradeel";"0070";"Zorgkantoor Friesland";"646324"
"Geertruidenberg";"0779";"Zorgkantoor West-Brabant";"694612"
"Geldermalsen";"0236";"Zorgkantoor Nijmegen";"516743"
"Geldrop-Mierlo";"1771";"Zorgkantoor Zuid-Oost Brabant";"752485"
"Gemert-Bakel";"1652";"Zorgkantoor Zuid-Oost Brabant";"752485"
"Gennep";"0907";"Zorgkantoor Nijmegen";"516743"
"Giessenlanden";"0689";"Zorgkantoor Waardenland";"400351"
"Gilze en Rijen";"0784";"Zorgkantoor Midden-Brabant";"439653"
"Goeree-Overflakkee";"1924";"Zorgkantoor Zuid-Hollandse Eilanden";"405111"
"Goes";"0664";"Zorgkantoor Zeeland";"380717"
"Goirle";"0785";"Zorgkantoor Midden-Brabant";"439653"
"Gooise Meren";"1942";"Zorgkantoor 't Gooi";"452283"
"Gorinchem";"0512";"Zorgkantoor Waardenland";"400351"
"Gouda";"0513";"Zorgkantoor Midden-Holland";"224887"
"Grave";"0786";"Zorgkantoor Noord-Oost Brabant";"654115"
"'s-Gravenhage";"0518";"Zorgkantoor Haaglanden";"786612"
"Groningen";"0014";"Zorgkantoor Groningen";"584104"
"Grootegast";"0015";"Zorgkantoor Groningen";"584104"
"Gulpen-Wittem";"1729";"Zorgkantoor Zuid-Limburg";"602040"
"Haaksbergen";"0158";"Zorgkantoor Twente";"626009"
"Haaren";"0788";"Zorgkantoor Noord-Oost Brabant";"654115"
"Haarlem";"0392";"Zorgkantoor Kennemerland";"421773"
"Haarlemmerliede en Spaarnwoude";"0393";"Zorgkantoor Kennemerland";"421773"
"Haarlemmermeer";"0394";"Zorgkantoor Amstelland en De Meerlanden";"304385"
"Halderberge";"1655";"Zorgkantoor West-Brabant";"694612"
"Hardenberg";"0160";"Zorgkantoor Zwolle";"542425"
"Harderwijk";"0243";"Zorgkantoor Zwolle";"542425"
"Hardinxveld-Giessendam";"0523";"Zorgkantoor Waardenland";"400351"
"Haren";"0017";"Zorgkantoor Groningen";"584104"
"Harlingen";"0072";"Zorgkantoor Friesland";"646324"
"Hattem";"0244";"Zorgkantoor Zwolle";"542425"
"Heemskerk";"0396";"Zorgkantoor Kennemerland";"421773"
"Heemstede";"0397";"Zorgkantoor Kennemerland";"421773"
"Heerde";"0246";"Zorgkantoor Apeldoorn / Zutphen";"309859"
"Heerenveen";"0074";"Zorgkantoor Friesland";"646324"
"Heerhugowaard";"0398";"Zorgkantoor Noord-Holland Noord";"612627"
"Heerlen";"0917";"Zorgkantoor Zuid-Limburg";"602040"
"Heeze-Leende";"1658";"Zorgkantoor Zuid-Oost Brabant";"752485"
"Heiloo";"0399";"Zorgkantoor Noord-Holland Noord";"612627"
"Hellendoorn";"0163";"Zorgkantoor Twente";"626009"
"Hellevoetsluis";"0530";"Zorgkantoor Zuid-Hollandse Eilanden";"405111"
"Helmond";"0794";"Zorgkantoor Zuid-Oost Brabant";"752485"
"Hendrik-Ido-Ambacht";"0531";"Zorgkantoor Waardenland";"400351"
"Hengelo (O)";"0164";"Zorgkantoor Twente";"626009"
"'s-Hertogenbosch";"0796";"Zorgkantoor Noord-Oost Brabant";"654115"
"het Bildt";"0063";"Zorgkantoor Friesland";"646324"
"Heumen";"0252";"Zorgkantoor Nijmegen";"516743"
"Heusden";"0797";"Zorgkantoor Midden-Brabant";"439653"
"Hillegom";"0534";"Zorgkantoor Zuid-Holland Noord";"549589"
"Hilvarenbeek";"0798";"Zorgkantoor Midden-Brabant";"439653"
"Hilversum";"0402";"Zorgkantoor 't Gooi";"452283"
"Hof van Twente";"1735";"Zorgkantoor Twente";"626009"
"Hollands Kroon";"1911";"Zorgkantoor Noord-Holland Noord";"612627"
"Hoogeveen";"0118";"Zorgkantoor Drenthe";"488611"
"Hoogezand-Sappemeer";"0018";"Zorgkantoor Groningen";"584104"
"Hoorn";"0405";"Zorgkantoor Noord-Holland Noord";"612627"
"Horst aan de Maas";"1507";"Zorgkantoor Noord- en Midden-Limburg";"490976"
"Houten";"0321";"Zorgkantoor Utrecht";"1295565"
"Huizen";"0406";"Zorgkantoor 't Gooi";"452283"
"Hulst";"0677";"Zorgkantoor Zeeland";"380717"
"IJsselstein";"0353";"Zorgkantoor Utrecht";"1295565"
"Kaag en Braassem";"1884";"Zorgkantoor Zuid-Holland Noord";"549589"
"Kampen";"0166";"Zorgkantoor Zwolle";"542425"
"Kapelle";"0678";"Zorgkantoor Zeeland";"380717"
"Katwijk";"0537";"Zorgkantoor Zuid-Holland Noord";"549589"
"Kerkrade";"0928";"Zorgkantoor Zuid-Limburg";"602040"
"Koggenland";"1598";"Zorgkantoor Noord-Holland Noord";"612627"
"Kollumerland en Nieuwkruisland";"0079";"Zorgkantoor Friesland";"646324"
"Korendijk";"0588";"Zorgkantoor Zuid-Hollandse Eilanden";"405111"
"Krimpen aan den IJssel";"0542";"Zorgkantoor Rotterdam";"720119"
"Krimpenerwaard";"1931";"Zorgkantoor Midden-Holland";"224887"
"Laarbeek";"1659";"Zorgkantoor Zuid-Oost Brabant";"752485"
"Landerd";"1685";"Zorgkantoor Noord-Oost Brabant";"654115"
"Landgraaf";"0882";"Zorgkantoor Zuid-Limburg";"602040"
"Landsmeer";"0415";"Zorgkantoor Zaanstreek / Waterland";"328233"
"Langedijk";"0416";"Zorgkantoor Noord-Holland Noord";"612627"
"Lansingerland";"1621";"Zorgkantoor Delft Westland Oostland";"333409"
"Laren";"0417";"Zorgkantoor 't Gooi";"452283"
"Leek";"0022";"Zorgkantoor Groningen";"584104"
"Leerdam";"0545";"Zorgkantoor Waardenland";"400351"
"Leeuwarden";"0080";"Zorgkantoor Friesland";"646324"
"Leeuwarderadeel";"0081";"Zorgkantoor Friesland";"646324"
"Leiden";"0546";"Zorgkantoor Zuid-Holland Noord";"549589"
"Leiderdorp";"0547";"Zorgkantoor Zuid-Holland Noord";"549589"
"Leidschendam-Voorburg";"1916";"Zorgkantoor Haaglanden";"786612"
"Lelystad";"0995";"Zorgkantoor Flevoland";"204567"
"Leudal";"1640";"Zorgkantoor Noord- en Midden-Limburg";"490976"
"Leusden";"0327";"Zorgkantoor Utrecht";"1295565"
"Lingewaal";"0733";"Zorgkantoor Nijmegen";"516743"
"Lingewaard";"1705";"Zorgkantoor Arnhem";"927793"
"Lisse";"0553";"Zorgkantoor Zuid-Holland Noord";"549589"
"Littenseradiel";"0140";"Zorgkantoor Friesland";"646324"
"Lochem";"0262";"Zorgkantoor Apeldoorn / Zutphen";"309859"
"Loon op Zand";"0809";"Zorgkantoor Midden-Brabant";"439653"
"Lopik";"0331";"Zorgkantoor Utrecht";"1295565"
"Loppersum";"0024";"Zorgkantoor Groningen";"584104"
"Losser";"0168";"Zorgkantoor Twente";"626009"
"Maasdriel";"0263";"Zorgkantoor Noord-Oost Brabant";"654115"
"Maasgouw";"1641";"Zorgkantoor Noord- en Midden-Limburg";"490976"
"Maassluis";"0556";"Zorgkantoor Nieuwe Waterweg Noord";"180706"
"Maastricht";"0935";"Zorgkantoor Zuid-Limburg";"602040"
"Marum";"0025";"Zorgkantoor Groningen";"584104"
"Medemblik";"0420";"Zorgkantoor Noord-Holland Noord";"612627"
"Meerssen";"0938";"Zorgkantoor Zuid-Limburg";"602040"
"Menameradiel";"1908";"Zorgkantoor Friesland";"646324"
"Menterwolde";"1987";"Zorgkantoor Groningen";"584104"
"Meppel";"0119";"Zorgkantoor Drenthe";"488611"
"Middelburg";"0687";"Zorgkantoor Zeeland";"380717"
"Midden-Delfland";"1842";"Zorgkantoor Delft Westland Oostland";"333409"
"Midden-Drenthe";"1731";"Zorgkantoor Drenthe";"488611"
"Mill en Sint Hubert";"0815";"Zorgkantoor Noord-Oost Brabant";"654115"
"Moerdijk";"1709";"Zorgkantoor West-Brabant";"694612"
"Molenwaard";"1927";"Zorgkantoor Waardenland";"400351"
"Montferland";"1955";"Zorgkantoor Arnhem";"927793"
"Montfoort";"0335";"Zorgkantoor Utrecht";"1295565"
"Mook en Middelaar";"0944";"Zorgkantoor Nijmegen";"516743"
"Neder-Betuwe";"1740";"Zorgkantoor Nijmegen";"516743"
"Nederweert";"0946";"Zorgkantoor Noord- en Midden-Limburg";"490976"
"Neerijnen";"0304";"Zorgkantoor Nijmegen";"516743"
"Nieuwegein";"0356";"Zorgkantoor Utrecht";"1295565"
"Nieuwkoop";"0569";"Zorgkantoor Zuid-Holland Noord";"549589"
"Nijkerk";"0267";"Zorgkantoor Utrecht";"1295565"
"Nijmegen";"0268";"Zorgkantoor Nijmegen";"516743"
"Nissewaard";"1930";"Zorgkantoor Zuid-Hollandse Eilanden";"405111"
"Noord-Beveland";"1695";"Zorgkantoor Zeeland";"380717"
"Noordenveld";"1699";"Zorgkantoor Drenthe";"488611"
"Noordoostpolder";"0171";"Zorgkantoor Flevoland";"204567"
"Noordwijk";"0575";"Zorgkantoor Zuid-Holland Noord";"549589"
"Noordwijkerhout";"0576";"Zorgkantoor Zuid-Holland Noord";"549589"
"Nuenen, Gerwen en Nederwetten";"0820";"Zorgkantoor Zuid-Oost Brabant";"752485"
"Nunspeet";"0302";"Zorgkantoor Zwolle";"542425"
"Nuth";"0951";"Zorgkantoor Zuid-Limburg";"602040"
"Oegstgeest";"0579";"Zorgkantoor Zuid-Holland Noord";"549589"
"Oirschot";"0823";"Zorgkantoor Zuid-Oost Brabant";"752485"
"Oisterwijk";"0824";"Zorgkantoor Midden-Brabant";"439653"
"Oldambt";"1895";"Zorgkantoor Groningen";"584104"
"Oldebroek";"0269";"Zorgkantoor Zwolle";"542425"
"Oldenzaal";"0173";"Zorgkantoor Twente";"626009"
"Olst-Wijhe";"1773";"Zorgkantoor Midden-IJssel";"176858"
"Ommen";"0175";"Zorgkantoor Zwolle";"542425"
"Onderbanken";"0881";"Zorgkantoor Zuid-Limburg";"602040"
"Oost Gelre";"1586";"Zorgkantoor Arnhem";"927793"
"Oosterhout";"0826";"Zorgkantoor West-Brabant";"694612"
"Ooststellingwerf";"0085";"Zorgkantoor Friesland";"646324"
"Oostzaan";"0431";"Zorgkantoor Zaanstreek / Waterland";"328233"
"Opmeer";"0432";"Zorgkantoor Noord-Holland Noord";"612627"
"Opsterland";"0086";"Zorgkantoor Friesland";"646324"
"Oss";"0828";"Zorgkantoor Noord-Oost Brabant";"654115"
"Oud-Beijerland";"0584";"Zorgkantoor Zuid-Hollandse Eilanden";"405111"
"Oude IJsselstreek";"1509";"Zorgkantoor Arnhem";"927793"
"Ouder-Amstel";"0437";"Zorgkantoor Amstelland en De Meerlanden";"304385"
"Oudewater";"0589";"Zorgkantoor Utrecht";"1295565"
"Overbetuwe";"1734";"Zorgkantoor Arnhem";"927793"
"Papendrecht";"0590";"Zorgkantoor Waardenland";"400351"
"Peel en Maas";"1894";"Zorgkantoor Noord- en Midden-Limburg";"490976"
"Pekela";"0765";"Zorgkantoor Groningen";"584104"
"Pijnacker-Nootdorp";"1926";"Zorgkantoor Delft Westland Oostland";"333409"
"Purmerend";"0439";"Zorgkantoor Zaanstreek / Waterland";"328233"
"Putten";"0273";"Zorgkantoor Zwolle";"542425"
"Raalte";"0177";"Zorgkantoor Midden-IJssel";"176858"
"Reimerswaal";"0703";"Zorgkantoor Zeeland";"380717"
"Renkum";"0274";"Zorgkantoor Arnhem";"927793"
"Renswoude";"0339";"Zorgkantoor Utrecht";"1295565"
"Reusel-De Mierden";"1667";"Zorgkantoor Zuid-Oost Brabant";"752485"
"Rheden";"0275";"Zorgkantoor Arnhem";"927793"
"Rhenen";"0340";"Zorgkantoor Utrecht";"1295565"
"Ridderkerk";"0597";"Zorgkantoor Zuid-Hollandse Eilanden";"405111"
"Rijnwaarden";"0196";"Zorgkantoor Arnhem";"927793"
"Rijssen-Holten";"1742";"Zorgkantoor Twente";"626009"
"Rijswijk";"0603";"Zorgkantoor Haaglanden";"786612"
"Roerdalen";"1669";"Zorgkantoor Noord- en Midden-Limburg";"490976"
"Roermond";"0957";"Zorgkantoor Noord- en Midden-Limburg";"490976"
"Roosendaal";"1674";"Zorgkantoor West-Brabant";"694612"
"Rotterdam";"0599";"Zorgkantoor Rotterdam";"720119"
"Rozendaal";"0277";"Zorgkantoor Arnhem";"927793"
"Rucphen";"0840";"Zorgkantoor West-Brabant";"694612"
"Schagen";"0441";"Zorgkantoor Noord-Holland Noord";"612627"
"Scherpenzeel";"0279";"Zorgkantoor Arnhem";"927793"
"Schiedam";"0606";"Zorgkantoor Nieuwe Waterweg Noord";"180706"
"Schiermonnikoog";"0088";"Zorgkantoor Friesland";"646324"
"Schijndel";"0844";"Zorgkantoor Noord-Oost Brabant";"654115"
"Schinnen";"0962";"Zorgkantoor Zuid-Limburg";"602040"
"Schouwen-Duiveland";"1676";"Zorgkantoor Zeeland";"380717"
"Simpelveld";"0965";"Zorgkantoor Zuid-Limburg";"602040"
"Sint Anthonis";"1702";"Zorgkantoor Noord-Oost Brabant";"654115"
"Sint-Michielsgestel";"0845";"Zorgkantoor Noord-Oost Brabant";"654115"
"Sint-Oedenrode";"0846";"Zorgkantoor Noord-Oost Brabant";"654115"
"Sittard-Geleen";"1883";"Zorgkantoor Zuid-Limburg";"602040"
"Sliedrecht";"0610";"Zorgkantoor Waardenland";"400351"
"Slochteren";"0040";"Zorgkantoor Groningen";"584104"
"Sluis";"1714";"Zorgkantoor Zeeland";"380717"
"Smallingerland";"0090";"Zorgkantoor Friesland";"646324"
"Soest";"0342";"Zorgkantoor Utrecht";"1295565"
"Someren";"0847";"Zorgkantoor Zuid-Oost Brabant";"752485"
"Son en Breugel";"0848";"Zorgkantoor Zuid-Oost Brabant";"752485"
"Stadskanaal";"0037";"Zorgkantoor Groningen";"584104"
"Staphorst";"0180";"Zorgkantoor Zwolle";"542425"
"Stede Broec";"0532";"Zorgkantoor Noord-Holland Noord";"612627"
"Steenbergen";"0851";"Zorgkantoor West-Brabant";"694612"
"Steenwijkerland";"1708";"Zorgkantoor Zwolle";"542425"
"Stein";"0971";"Zorgkantoor Zuid-Limburg";"602040"
"Stichtse Vecht";"1904";"Zorgkantoor Utrecht";"1295565"
"Strijen";"0617";"Zorgkantoor Zuid-Hollandse Eilanden";"405111"
"Súdwest Fryslân";"1900";"Zorgkantoor Friesland";"646324"
"Ten Boer";"0009";"Zorgkantoor Groningen";"584104"
"Terneuzen";"0715";"Zorgkantoor Zeeland";"380717"
"Terschelling";"0093";"Zorgkantoor Friesland";"646324"
"Texel";"0448";"Zorgkantoor Noord-Holland Noord";"612627"
"Teylingen";"1525";"Zorgkantoor Zuid-Holland Noord";"549589"
"Tholen";"0716";"Zorgkantoor Zeeland";"380717"
"Tiel";"0281";"Zorgkantoor Nijmegen";"516743"
"Tilburg";"0855";"Zorgkantoor Midden-Brabant";"439653"
"Tubbergen";"0183";"Zorgkantoor Twente";"626009"
"Twenterand";"1700";"Zorgkantoor Twente";"626009"
"Tynaarlo";"1730";"Zorgkantoor Drenthe";"488611"
"Tytsjerksteradiel";"0737";"Zorgkantoor Friesland";"646324"
"Uden";"0856";"Zorgkantoor Noord-Oost Brabant";"654115"
"Uitgeest";"0450";"Zorgkantoor Kennemerland";"421773"
"Uithoorn";"0451";"Zorgkantoor Amstelland en De Meerlanden";"304385"
"Urk";"0184";"Zorgkantoor Flevoland";"204567"
"Utrecht";"0344";"Zorgkantoor Utrecht";"1295565"
"Utrechtse Heuvelrug";"1581";"Zorgkantoor Utrecht";"1295565"
"Vaals";"0981";"Zorgkantoor Zuid-Limburg";"602040"
"Valkenburg aan de Geul";"0994";"Zorgkantoor Zuid-Limburg";"602040"
"Valkenswaard";"0858";"Zorgkantoor Zuid-Oost Brabant";"752485"
"Veendam";"0047";"Zorgkantoor Groningen";"584104"
"Veenendaal";"0345";"Zorgkantoor Utrecht";"1295565"
"Veere";"0717";"Zorgkantoor Zeeland";"380717"
"Veghel";"0860";"Zorgkantoor Noord-Oost Brabant";"654115"
"Veldhoven";"0861";"Zorgkantoor Zuid-Oost Brabant";"752485"
"Velsen";"0453";"Zorgkantoor Kennemerland";"421773"
"Venlo";"0983";"Zorgkantoor Noord- en Midden-Limburg";"490976"
"Venray";"0984";"Zorgkantoor Noord- en Midden-Limburg";"490976"
"Vianen";"0620";"Zorgkantoor Utrecht";"1295565"
"Vlaardingen";"0622";"Zorgkantoor Nieuwe Waterweg Noord";"180706"
"Vlagtwedde";"0048";"Zorgkantoor Groningen";"584104"
"Vlieland";"0096";"Zorgkantoor Friesland";"646324"
"Vlissingen";"0718";"Zorgkantoor Zeeland";"380717"
"Voerendaal";"0986";"Zorgkantoor Zuid-Limburg";"602040"
"Voorschoten";"0626";"Zorgkantoor Zuid-Holland Noord";"549589"
"Voorst";"0285";"Zorgkantoor Midden-IJssel";"176858"
"Vught";"0865";"Zorgkantoor Noord-Oost Brabant";"654115"
"Waalre";"0866";"Zorgkantoor Zuid-Oost Brabant";"752485"
"Waalwijk";"0867";"Zorgkantoor Midden-Brabant";"439653"
"Waddinxveen";"0627";"Zorgkantoor Midden-Holland";"224887"
"Wageningen";"0289";"Zorgkantoor Arnhem";"927793"
"Wassenaar";"0629";"Zorgkantoor Haaglanden";"786612"
"Waterland";"0852";"Zorgkantoor Zaanstreek / Waterland";"328233"
"Weert";"0988";"Zorgkantoor Noord- en Midden-Limburg";"490976"
"Weesp";"0457";"Zorgkantoor 't Gooi";"452283"
"Werkendam";"0870";"Zorgkantoor West-Brabant";"694612"
"West Maas en Waal";"0668";"Zorgkantoor Nijmegen";"516743"
"Westerveld";"1701";"Zorgkantoor Drenthe";"488611"
"Westervoort";"0293";"Zorgkantoor Arnhem";"927793"
"Westland";"1783";"Zorgkantoor Delft Westland Oostland";"333409"
"Weststellingwerf";"0098";"Zorgkantoor Friesland";"646324"
"Westvoorne";"0614";"Zorgkantoor Zuid-Hollandse Eilanden";"405111"
"Wierden";"0189";"Zorgkantoor Twente";"626009"
"Wijchen";"0296";"Zorgkantoor Nijmegen";"516743"
"Wijdemeren";"1696";"Zorgkantoor 't Gooi";"452283"
"Wijk bij Duurstede";"0352";"Zorgkantoor Utrecht";"1295565"
"Winsum";"0053";"Zorgkantoor Groningen";"584104"
"Winterswijk";"0294";"Zorgkantoor Arnhem";"927793"
"Woensdrecht";"0873";"Zorgkantoor West-Brabant";"694612"
"Woerden";"0632";"Zorgkantoor Utrecht";"1295565"
"Wormerland";"0880";"Zorgkantoor Zaanstreek / Waterland";"328233"
"Woudenberg";"0351";"Zorgkantoor Utrecht";"1295565"
"Woudrichem";"0874";"Zorgkantoor West-Brabant";"694612"
"Zaanstad";"0479";"Zorgkantoor Zaanstreek / Waterland";"328233"
"Zaltbommel";"0297";"Zorgkantoor Noord-Oost Brabant";"654115"
"Zandvoort";"0473";"Zorgkantoor Kennemerland";"421773"
"Zederik";"0707";"Zorgkantoor Waardenland";"400351"
"Zeewolde";"0050";"Zorgkantoor Flevoland";"204567"
"Zeist";"0355";"Zorgkantoor Utrecht";"1295565"
"Zevenaar";"0299";"Zorgkantoor Arnhem";"927793"
"Zoetermeer";"0637";"Zorgkantoor Haaglanden";"786612"
"Zoeterwoude";"0638";"Zorgkantoor Zuid-Holland Noord";"549589"
"Zuidhorn";"0056";"Zorgkantoor Groningen";"584104"
"Zuidplas";"1892";"Zorgkantoor Midden-Holland";"224887"
"Zundert";"0879";"Zorgkantoor West-Brabant";"694612"
"Zutphen";"0301";"Zorgkantoor Apeldoorn / Zutphen";"309859"
"Zwartewaterland";"1896";"Zorgkantoor Zwolle";"542425"
"Zwijndrecht";"0642";"Zorgkantoor Waardenland";"400351"
"Zwolle";"0193";"Zorgkantoor Zwolle";"542425"