﻿"Gemeente";"CBS";"GGD's";"Inwoneraantal van regio"
"Aa en Hunze";"1680";"GGD Drenthe";"488611"
"Aalburg";"0738";"GGD West-Brabant";"694612"
"Aalsmeer";"0358";"GGD Amsterdam";"1008808"
"Aalten";"0197";"GGD Noord- en Oost-Gelderland";"812224"
"Achtkarspelen";"0059";"GGD Fryslân";"646324"
"Alblasserdam";"0482";"Dienst Gezondheid & Jeugd Zuid-Holland Zuid ";"483290"
"Albrandswaard";"0613";"GGD Rotterdam-Rijnmond";"1279414"
"Alkmaar";"0361";"GGD Hollands-Noorden";"646991"
"Almelo";"0141";"GGD Regio Twente";"626009"
"Almere";"0034";"GGD Flevoland";"401503"
"Alphen aan den Rijn";"0484";"GGD Hollands-Midden";"774476"
"Alphen-Chaam";"1723";"GGD West-Brabant";"694612"
"Ameland";"0060";"GGD Fryslân";"646324"
"Amersfoort";"0307";"GGD Midden-Nederland";"1245265"
"Amstelveen";"0362";"GGD Amsterdam";"1008808"
"Amsterdam";"0363";"GGD Amsterdam";"1008808"
"Apeldoorn";"0200";"GGD Noord- en Oost-Gelderland";"812224"
"Appingedam";"0003";"GGD Groningen";"584104"
"Arnhem";"0202";"Hulpverlening Gelderland-Midden";"670924"
"Assen";"0106";"GGD Drenthe";"488611"
"Asten";"0743";"GGD Brabant-Zuidoost";"752485"
"Baarle-Nassau";"0744";"GGD West-Brabant";"694612"
"Baarn";"0308";"GGD Midden-Nederland";"1245265"
"Barendrecht";"0489";"GGD Rotterdam-Rijnmond";"1279414"
"Barneveld";"0203";"Hulpverlening Gelderland-Midden";"670924"
"Bedum";"0005";"GGD Groningen";"584104"
"Beek";"0888";"GGD Zuid-Limburg";"602040"
"Beemster";"0370";"GGD Zaanstreek/Waterland";"328233"
"Beesel";"0889";"GGD Limburg-Noord";"516014"
"Bellingwedde";"0007";"GGD Groningen";"584104"
"Berg en Dal";"1945";"GGD Gelderland-Zuid";"543245"
"Bergeijk";"1724";"GGD Brabant-Zuidoost";"752485"
"Bergen (L)";"0893";"GGD Limburg-Noord";"516014"
"Bergen (NH)";"0373";"GGD Hollands-Noorden";"646991"
"Bergen op Zoom";"0748";"GGD West-Brabant";"694612"
"Berkelland";"1859";"GGD Noord- en Oost-Gelderland";"812224"
"Bernheze";"1721";"GGD Hart voor Brabant";"1042228"
"Best";"0753";"GGD Brabant-Zuidoost";"752485"
"Beuningen";"0209";"GGD Gelderland-Zuid";"543245"
"Beverwijk";"0375";"GGD Kennemerland";"531591"
"Binnenmaas";"0585";"Dienst Gezondheid & Jeugd Zuid-Holland Zuid ";"483290"
"Bladel";"1728";"GGD Brabant-Zuidoost";"752485"
"Blaricum";"0376";"GGD Gooi en Vechtstreek";"246540"
"Bloemendaal";"0377";"GGD Kennemerland";"531591"
"Bodegraven-Reeuwijk";"1901";"GGD Hollands-Midden";"774476"
"Boekel";"0755";"GGD Hart voor Brabant";"1042228"
"Borger-Odoorn";"1681";"GGD Drenthe";"488611"
"Borne";"0147";"GGD Regio Twente";"626009"
"Borsele";"0654";"GGD Zeeland";"380717"
"Boxmeer";"0756";"GGD Hart voor Brabant";"1042228"
"Boxtel";"0757";"GGD Hart voor Brabant";"1042228"
"Breda";"0758";"GGD West-Brabant";"694612"
"Brielle";"0501";"GGD Rotterdam-Rijnmond";"1279414"
"Bronckhorst";"1876";"GGD Noord- en Oost-Gelderland";"812224"
"Brummen";"0213";"GGD Noord- en Oost-Gelderland";"812224"
"Brunssum";"0899";"GGD Zuid-Limburg";"602040"
"Bunnik";"0312";"GGD Midden-Nederland";"1245265"
"Bunschoten";"0313";"GGD Midden-Nederland";"1245265"
"Buren";"0214";"GGD Gelderland-Zuid";"543245"
"Capelle aan den IJssel";"0502";"GGD Rotterdam-Rijnmond";"1279414"
"Castricum";"0383";"GGD Hollands-Noorden";"646991"
"Coevorden";"0109";"GGD Drenthe";"488611"
"Cranendonck";"1706";"GGD Brabant-Zuidoost";"752485"
"Cromstrijen";"0611";"Dienst Gezondheid & Jeugd Zuid-Holland Zuid ";"483290"
"Cuijk";"1684";"GGD Hart voor Brabant";"1042228"
"Culemborg";"0216";"GGD Gelderland-Zuid";"543245"
"Dalfsen";"0148";"GGD IJsselland";"514650"
"Dantumadiel";"1891";"GGD Fryslân";"646324"
"De Bilt";"0310";"GGD Midden-Nederland";"1245265"
"De Fryske Marren";"1940";"GGD Fryslân";"646324"
"De Marne";"1663";"GGD Groningen";"584104"
"De Ronde Venen";"0736";"GGD Midden-Nederland";"1245265"
"De Wolden";"1690";"GGD Drenthe";"488611"
"Delft";"0503";"GGD Haaglanden";"1045050"
"Delfzijl";"0010";"GGD Groningen";"584104"
"Den Helder";"0400";"GGD Hollands-Noorden";"646991"
"Deurne";"0762";"GGD Brabant-Zuidoost";"752485"
"Deventer";"0150";"GGD IJsselland";"514650"
"Diemen";"0384";"GGD Amsterdam";"1008808"
"Dinkelland";"1774";"GGD Regio Twente";"626009"
"Doesburg";"0221";"Hulpverlening Gelderland-Midden";"670924"
"Doetinchem";"0222";"GGD Noord- en Oost-Gelderland";"812224"
"Dongen";"0766";"GGD Hart voor Brabant";"1042228"
"Dongeradeel";"0058";"GGD Fryslân";"646324"
"Dordrecht";"0505";"Dienst Gezondheid & Jeugd Zuid-Holland Zuid ";"483290"
"Drechterland";"0498";"GGD Hollands-Noorden";"646991"
"Drimmelen";"1719";"GGD West-Brabant";"694612"
"Dronten";"0303";"GGD Flevoland";"401503"
"Druten";"0225";"GGD Gelderland-Zuid";"543245"
"Duiven";"0226";"Hulpverlening Gelderland-Midden";"670924"
"Echt-Susteren";"1711";"GGD Limburg-Noord";"516014"
"Edam-Volendam";"0385";"GGD Zaanstreek/Waterland";"328233"
"Ede";"0228";"Hulpverlening Gelderland-Midden";"670924"
"Eemnes";"0317";"GGD Midden-Nederland";"1245265"
"Eemsmond";"1651";"GGD Groningen";"584104"
"Eersel";"0770";"GGD Brabant-Zuidoost";"752485"
"Eijsden-Margraten";"1903";"GGD Zuid-Limburg";"602040"
"Eindhoven";"0772";"GGD Brabant-Zuidoost";"752485"
"Elburg";"0230";"GGD Noord- en Oost-Gelderland";"812224"
"Emmen";"0114";"GGD Drenthe";"488611"
"Enkhuizen";"0388";"GGD Hollands-Noorden";"646991"
"Enschede";"0153";"GGD Regio Twente";"626009"
"Epe";"0232";"GGD Noord- en Oost-Gelderland";"812224"
"Ermelo";"0233";"GGD Noord- en Oost-Gelderland";"812224"
"Etten-Leur";"0777";"GGD West-Brabant";"694612"
"Ferwerderadiel";"1722";"GGD Fryslân";"646324"
"Franekeradeel";"0070";"GGD Fryslân";"646324"
"Geertruidenberg";"0779";"GGD West-Brabant";"694612"
"Geldermalsen";"0236";"GGD Gelderland-Zuid";"543245"
"Geldrop-Mierlo";"1771";"GGD Brabant-Zuidoost";"752485"
"Gemert-Bakel";"1652";"GGD Brabant-Zuidoost";"752485"
"Gennep";"0907";"GGD Limburg-Noord";"516014"
"Giessenlanden";"0689";"Dienst Gezondheid & Jeugd Zuid-Holland Zuid ";"483290"
"Gilze en Rijen";"0784";"GGD Hart voor Brabant";"1042228"
"Goeree-Overflakkee";"1924";"GGD Rotterdam-Rijnmond";"1279414"
"Goes";"0664";"GGD Zeeland";"380717"
"Goirle";"0785";"GGD Hart voor Brabant";"1042228"
"Gooise Meren";"1942";"GGD Gooi en Vechtstreek";"246540"
"Gorinchem";"0512";"Dienst Gezondheid & Jeugd Zuid-Holland Zuid ";"483290"
"Gouda";"0513";"GGD Hollands-Midden";"774476"
"Grave";"0786";"GGD Hart voor Brabant";"1042228"
"'s-Gravenhage";"0518";"GGD Haaglanden";"1045050"
"Groningen";"0014";"GGD Groningen";"584104"
"Grootegast";"0015";"GGD Groningen";"584104"
"Gulpen-Wittem";"1729";"GGD Zuid-Limburg";"602040"
"Haaksbergen";"0158";"GGD Regio Twente";"626009"
"Haaren";"0788";"GGD Hart voor Brabant";"1042228"
"Haarlem";"0392";"GGD Kennemerland";"531591"
"Haarlemmerliede en Spaarnwoude";"0393";"GGD Kennemerland";"531591"
"Haarlemmermeer";"0394";"GGD Kennemerland";"531591"
"Halderberge";"1655";"GGD West-Brabant";"694612"
"Hardenberg";"0160";"GGD IJsselland";"514650"
"Harderwijk";"0243";"GGD Noord- en Oost-Gelderland";"812224"
"Hardinxveld-Giessendam";"0523";"Dienst Gezondheid & Jeugd Zuid-Holland Zuid ";"483290"
"Haren";"0017";"GGD Groningen";"584104"
"Harlingen";"0072";"GGD Fryslân";"646324"
"Hattem";"0244";"GGD Noord- en Oost-Gelderland";"812224"
"Heemskerk";"0396";"GGD Kennemerland";"531591"
"Heemstede";"0397";"GGD Kennemerland";"531591"
"Heerde";"0246";"GGD Noord- en Oost-Gelderland";"812224"
"Heerenveen";"0074";"GGD Fryslân";"646324"
"Heerhugowaard";"0398";"GGD Hollands-Noorden";"646991"
"Heerlen";"0917";"GGD Zuid-Limburg";"602040"
"Heeze-Leende";"1658";"GGD Brabant-Zuidoost";"752485"
"Heiloo";"0399";"GGD Hollands-Noorden";"646991"
"Hellendoorn";"0163";"GGD Regio Twente";"626009"
"Hellevoetsluis";"0530";"GGD Rotterdam-Rijnmond";"1279414"
"Helmond";"0794";"GGD Brabant-Zuidoost";"752485"
"Hendrik-Ido-Ambacht";"0531";"Dienst Gezondheid & Jeugd Zuid-Holland Zuid ";"483290"
"Hengelo (O)";"0164";"GGD Regio Twente";"626009"
"'s-Hertogenbosch";"0796";"GGD Hart voor Brabant";"1042228"
"het Bildt";"0063";"GGD Fryslân";"646324"
"Heumen";"0252";"GGD Gelderland-Zuid";"543245"
"Heusden";"0797";"GGD Hart voor Brabant";"1042228"
"Hillegom";"0534";"GGD Hollands-Midden";"774476"
"Hilvarenbeek";"0798";"GGD Hart voor Brabant";"1042228"
"Hilversum";"0402";"GGD Gooi en Vechtstreek";"246540"
"Hof van Twente";"1735";"GGD Regio Twente";"626009"
"Hollands Kroon";"1911";"GGD Hollands-Noorden";"646991"
"Hoogeveen";"0118";"GGD Drenthe";"488611"
"Hoogezand-Sappemeer";"0018";"GGD Groningen";"584104"
"Hoorn";"0405";"GGD Hollands-Noorden";"646991"
"Horst aan de Maas";"1507";"GGD Limburg-Noord";"516014"
"Houten";"0321";"GGD Midden-Nederland";"1245265"
"Huizen";"0406";"GGD Gooi en Vechtstreek";"246540"
"Hulst";"0677";"GGD Zeeland";"380717"
"IJsselstein";"0353";"GGD Midden-Nederland";"1245265"
"Kaag en Braassem";"1884";"GGD Hollands-Midden";"774476"
"Kampen";"0166";"GGD IJsselland";"514650"
"Kapelle";"0678";"GGD Zeeland";"380717"
"Katwijk";"0537";"GGD Hollands-Midden";"774476"
"Kerkrade";"0928";"GGD Zuid-Limburg";"602040"
"Koggenland";"1598";"GGD Hollands-Noorden";"646991"
"Kollumerland en Nieuwkruisland";"0079";"GGD Fryslân";"646324"
"Korendijk";"0588";"Dienst Gezondheid & Jeugd Zuid-Holland Zuid ";"483290"
"Krimpen aan den IJssel";"0542";"GGD Rotterdam-Rijnmond";"1279414"
"Krimpenerwaard";"1931";"GGD Hollands-Midden";"774476"
"Laarbeek";"1659";"GGD Brabant-Zuidoost";"752485"
"Landerd";"1685";"GGD Hart voor Brabant";"1042228"
"Landgraaf";"0882";"GGD Zuid-Limburg";"602040"
"Landsmeer";"0415";"GGD Zaanstreek/Waterland";"328233"
"Langedijk";"0416";"GGD Hollands-Noorden";"646991"
"Lansingerland";"1621";"GGD Rotterdam-Rijnmond";"1279414"
"Laren";"0417";"GGD Gooi en Vechtstreek";"246540"
"Leek";"0022";"GGD Groningen";"584104"
"Leerdam";"0545";"Dienst Gezondheid & Jeugd Zuid-Holland Zuid ";"483290"
"Leeuwarden";"0080";"GGD Fryslân";"646324"
"Leeuwarderadeel";"0081";"GGD Fryslân";"646324"
"Leiden";"0546";"GGD Hollands-Midden";"774476"
"Leiderdorp";"0547";"GGD Hollands-Midden";"774476"
"Leidschendam-Voorburg";"1916";"GGD Haaglanden";"1045050"
"Lelystad";"0995";"GGD Flevoland";"401503"
"Leudal";"1640";"GGD Limburg-Noord";"516014"
"Leusden";"0327";"GGD Midden-Nederland";"1245265"
"Lingewaal";"0733";"GGD Gelderland-Zuid";"543245"
"Lingewaard";"1705";"Hulpverlening Gelderland-Midden";"670924"
"Lisse";"0553";"GGD Hollands-Midden";"774476"
"Littenseradiel";"0140";"GGD Fryslân";"646324"
"Lochem";"0262";"GGD Noord- en Oost-Gelderland";"812224"
"Loon op Zand";"0809";"GGD Hart voor Brabant";"1042228"
"Lopik";"0331";"GGD Midden-Nederland";"1245265"
"Loppersum";"0024";"GGD Groningen";"584104"
"Losser";"0168";"GGD Regio Twente";"626009"
"Maasdriel";"0263";"GGD Gelderland-Zuid";"543245"
"Maasgouw";"1641";"GGD Limburg-Noord";"516014"
"Maassluis";"0556";"GGD Rotterdam-Rijnmond";"1279414"
"Maastricht";"0935";"GGD Zuid-Limburg";"602040"
"Marum";"0025";"GGD Groningen";"584104"
"Medemblik";"0420";"GGD Hollands-Noorden";"646991"
"Meerssen";"0938";"GGD Zuid-Limburg";"602040"
"Menameradiel";"1908";"GGD Fryslân";"646324"
"Menterwolde";"1987";"GGD Groningen";"584104"
"Meppel";"0119";"GGD Drenthe";"488611"
"Middelburg";"0687";"GGD Zeeland";"380717"
"Midden-Delfland";"1842";"GGD Haaglanden";"1045050"
"Midden-Drenthe";"1731";"GGD Drenthe";"488611"
"Mill en Sint Hubert";"0815";"GGD Hart voor Brabant";"1042228"
"Moerdijk";"1709";"GGD West-Brabant";"694612"
"Molenwaard";"1927";"Dienst Gezondheid & Jeugd Zuid-Holland Zuid ";"483290"
"Montferland";"1955";"GGD Noord- en Oost-Gelderland";"812224"
"Montfoort";"0335";"GGD Midden-Nederland";"1245265"
"Mook en Middelaar";"0944";"GGD Limburg-Noord";"516014"
"Neder-Betuwe";"1740";"GGD Gelderland-Zuid";"543245"
"Nederweert";"0946";"GGD Limburg-Noord";"516014"
"Neerijnen";"0304";"GGD Gelderland-Zuid";"543245"
"Nieuwegein";"0356";"GGD Midden-Nederland";"1245265"
"Nieuwkoop";"0569";"GGD Hollands-Midden";"774476"
"Nijkerk";"0267";"Hulpverlening Gelderland-Midden";"670924"
"Nijmegen";"0268";"GGD Gelderland-Zuid";"543245"
"Nissewaard";"1930";"GGD Rotterdam-Rijnmond";"1279414"
"Noord-Beveland";"1695";"GGD Zeeland";"380717"
"Noordenveld";"1699";"GGD Drenthe";"488611"
"Noordoostpolder";"0171";"GGD Flevoland";"401503"
"Noordwijk";"0575";"GGD Hollands-Midden";"774476"
"Noordwijkerhout";"0576";"GGD Hollands-Midden";"774476"
"Nuenen, Gerwen en Nederwetten";"0820";"GGD Brabant-Zuidoost";"752485"
"Nunspeet";"0302";"GGD Noord- en Oost-Gelderland";"812224"
"Nuth";"0951";"GGD Zuid-Limburg";"602040"
"Oegstgeest";"0579";"GGD Hollands-Midden";"774476"
"Oirschot";"0823";"GGD Brabant-Zuidoost";"752485"
"Oisterwijk";"0824";"GGD Hart voor Brabant";"1042228"
"Oldambt";"1895";"GGD Groningen";"584104"
"Oldebroek";"0269";"GGD Noord- en Oost-Gelderland";"812224"
"Oldenzaal";"0173";"GGD Regio Twente";"626009"
"Olst-Wijhe";"1773";"GGD IJsselland";"514650"
"Ommen";"0175";"GGD IJsselland";"514650"
"Onderbanken";"0881";"GGD Zuid-Limburg";"602040"
"Oost Gelre";"1586";"GGD Noord- en Oost-Gelderland";"812224"
"Oosterhout";"0826";"GGD West-Brabant";"694612"
"Ooststellingwerf";"0085";"GGD Fryslân";"646324"
"Oostzaan";"0431";"GGD Zaanstreek/Waterland";"328233"
"Opmeer";"0432";"GGD Hollands-Noorden";"646991"
"Opsterland";"0086";"GGD Fryslân";"646324"
"Oss";"0828";"GGD Hart voor Brabant";"1042228"
"Oud-Beijerland";"0584";"Dienst Gezondheid & Jeugd Zuid-Holland Zuid ";"483290"
"Oude IJsselstreek";"1509";"GGD Noord- en Oost-Gelderland";"812224"
"Ouder-Amstel";"0437";"GGD Amsterdam";"1008808"
"Oudewater";"0589";"GGD Midden-Nederland";"1245265"
"Overbetuwe";"1734";"Hulpverlening Gelderland-Midden";"670924"
"Papendrecht";"0590";"Dienst Gezondheid & Jeugd Zuid-Holland Zuid ";"483290"
"Peel en Maas";"1894";"GGD Limburg-Noord";"516014"
"Pekela";"0765";"GGD Groningen";"584104"
"Pijnacker-Nootdorp";"1926";"GGD Haaglanden";"1045050"
"Purmerend";"0439";"GGD Zaanstreek/Waterland";"328233"
"Putten";"0273";"GGD Noord- en Oost-Gelderland";"812224"
"Raalte";"0177";"GGD IJsselland";"514650"
"Reimerswaal";"0703";"GGD Zeeland";"380717"
"Renkum";"0274";"Hulpverlening Gelderland-Midden";"670924"
"Renswoude";"0339";"GGD Midden-Nederland";"1245265"
"Reusel-De Mierden";"1667";"GGD Brabant-Zuidoost";"752485"
"Rheden";"0275";"Hulpverlening Gelderland-Midden";"670924"
"Rhenen";"0340";"GGD Midden-Nederland";"1245265"
"Ridderkerk";"0597";"GGD Rotterdam-Rijnmond";"1279414"
"Rijnwaarden";"0196";"Hulpverlening Gelderland-Midden";"670924"
"Rijssen-Holten";"1742";"GGD Regio Twente";"626009"
"Rijswijk";"0603";"GGD Haaglanden";"1045050"
"Roerdalen";"1669";"GGD Limburg-Noord";"516014"
"Roermond";"0957";"GGD Limburg-Noord";"516014"
"Roosendaal";"1674";"GGD West-Brabant";"694612"
"Rotterdam";"0599";"GGD Rotterdam-Rijnmond";"1279414"
"Rozendaal";"0277";"Hulpverlening Gelderland-Midden";"670924"
"Rucphen";"0840";"GGD West-Brabant";"694612"
"Schagen";"0441";"GGD Hollands-Noorden";"646991"
"Scherpenzeel";"0279";"Hulpverlening Gelderland-Midden";"670924"
"Schiedam";"0606";"GGD Rotterdam-Rijnmond";"1279414"
"Schiermonnikoog";"0088";"GGD Fryslân";"646324"
"Schijndel";"0844";"GGD Hart voor Brabant";"1042228"
"Schinnen";"0962";"GGD Zuid-Limburg";"602040"
"Schouwen-Duiveland";"1676";"GGD Zeeland";"380717"
"Simpelveld";"0965";"GGD Zuid-Limburg";"602040"
"Sint Anthonis";"1702";"GGD Hart voor Brabant";"1042228"
"Sint-Michielsgestel";"0845";"GGD Hart voor Brabant";"1042228"
"Sint-Oedenrode";"0846";"GGD Hart voor Brabant";"1042228"
"Sittard-Geleen";"1883";"GGD Zuid-Limburg";"602040"
"Sliedrecht";"0610";"Dienst Gezondheid & Jeugd Zuid-Holland Zuid ";"483290"
"Slochteren";"0040";"GGD Groningen";"584104"
"Sluis";"1714";"GGD Zeeland";"380717"
"Smallingerland";"0090";"GGD Fryslân";"646324"
"Soest";"0342";"GGD Midden-Nederland";"1245265"
"Someren";"0847";"GGD Brabant-Zuidoost";"752485"
"Son en Breugel";"0848";"GGD Brabant-Zuidoost";"752485"
"Stadskanaal";"0037";"GGD Groningen";"584104"
"Staphorst";"0180";"GGD IJsselland";"514650"
"Stede Broec";"0532";"GGD Hollands-Noorden";"646991"
"Steenbergen";"0851";"GGD West-Brabant";"694612"
"Steenwijkerland";"1708";"GGD IJsselland";"514650"
"Stein";"0971";"GGD Zuid-Limburg";"602040"
"Stichtse Vecht";"1904";"GGD Midden-Nederland";"1245265"
"Strijen";"0617";"Dienst Gezondheid & Jeugd Zuid-Holland Zuid ";"483290"
"Súdwest Fryslân";"1900";"GGD Fryslân";"646324"
"Ten Boer";"0009";"GGD Groningen";"584104"
"Terneuzen";"0715";"GGD Zeeland";"380717"
"Terschelling";"0093";"GGD Fryslân";"646324"
"Texel";"0448";"GGD Hollands-Noorden";"646991"
"Teylingen";"1525";"GGD Hollands-Midden";"774476"
"Tholen";"0716";"GGD Zeeland";"380717"
"Tiel";"0281";"GGD Gelderland-Zuid";"543245"
"Tilburg";"0855";"GGD Hart voor Brabant";"1042228"
"Tubbergen";"0183";"GGD Regio Twente";"626009"
"Twenterand";"1700";"GGD Regio Twente";"626009"
"Tynaarlo";"1730";"GGD Drenthe";"488611"
"Tytsjerksteradiel";"0737";"GGD Fryslân";"646324"
"Uden";"0856";"GGD Hart voor Brabant";"1042228"
"Uitgeest";"0450";"GGD Kennemerland";"531591"
"Uithoorn";"0451";"GGD Amsterdam";"1008808"
"Urk";"0184";"GGD Flevoland";"401503"
"Utrecht";"0344";"GGD Midden-Nederland";"1245265"
"Utrechtse Heuvelrug";"1581";"GGD Midden-Nederland";"1245265"
"Vaals";"0981";"GGD Zuid-Limburg";"602040"
"Valkenburg aan de Geul";"0994";"GGD Zuid-Limburg";"602040"
"Valkenswaard";"0858";"GGD Brabant-Zuidoost";"752485"
"Veendam";"0047";"GGD Groningen";"584104"
"Veenendaal";"0345";"GGD Midden-Nederland";"1245265"
"Veere";"0717";"GGD Zeeland";"380717"
"Veghel";"0860";"GGD Hart voor Brabant";"1042228"
"Veldhoven";"0861";"GGD Brabant-Zuidoost";"752485"
"Velsen";"0453";"GGD Kennemerland";"531591"
"Venlo";"0983";"GGD Limburg-Noord";"516014"
"Venray";"0984";"GGD Limburg-Noord";"516014"
"Vianen";"0620";"GGD Midden-Nederland";"1245265"
"Vlaardingen";"0622";"GGD Rotterdam-Rijnmond";"1279414"
"Vlagtwedde";"0048";"GGD Groningen";"584104"
"Vlieland";"0096";"GGD Fryslân";"646324"
"Vlissingen";"0718";"GGD Zeeland";"380717"
"Voerendaal";"0986";"GGD Zuid-Limburg";"602040"
"Voorschoten";"0626";"GGD Hollands-Midden";"774476"
"Voorst";"0285";"GGD Noord- en Oost-Gelderland";"812224"
"Vught";"0865";"GGD Hart voor Brabant";"1042228"
"Waalre";"0866";"GGD Brabant-Zuidoost";"752485"
"Waalwijk";"0867";"GGD Hart voor Brabant";"1042228"
"Waddinxveen";"0627";"GGD Hollands-Midden";"774476"
"Wageningen";"0289";"Hulpverlening Gelderland-Midden";"670924"
"Wassenaar";"0629";"GGD Haaglanden";"1045050"
"Waterland";"0852";"GGD Zaanstreek/Waterland";"328233"
"Weert";"0988";"GGD Limburg-Noord";"516014"
"Weesp";"0457";"GGD Gooi en Vechtstreek";"246540"
"Werkendam";"0870";"GGD West-Brabant";"694612"
"West Maas en Waal";"0668";"GGD Gelderland-Zuid";"543245"
"Westerveld";"1701";"GGD Drenthe";"488611"
"Westervoort";"0293";"Hulpverlening Gelderland-Midden";"670924"
"Westland";"1783";"GGD Haaglanden";"1045050"
"Weststellingwerf";"0098";"GGD Fryslân";"646324"
"Westvoorne";"0614";"GGD Rotterdam-Rijnmond";"1279414"
"Wierden";"0189";"GGD Regio Twente";"626009"
"Wijchen";"0296";"GGD Gelderland-Zuid";"543245"
"Wijdemeren";"1696";"GGD Gooi en Vechtstreek";"246540"
"Wijk bij Duurstede";"0352";"GGD Midden-Nederland";"1245265"
"Winsum";"0053";"GGD Groningen";"584104"
"Winterswijk";"0294";"GGD Noord- en Oost-Gelderland";"812224"
"Woensdrecht";"0873";"GGD West-Brabant";"694612"
"Woerden";"0632";"GGD Midden-Nederland";"1245265"
"Wormerland";"0880";"GGD Zaanstreek/Waterland";"328233"
"Woudenberg";"0351";"GGD Midden-Nederland";"1245265"
"Woudrichem";"0874";"GGD West-Brabant";"694612"
"Zaanstad";"0479";"GGD Zaanstreek/Waterland";"328233"
"Zaltbommel";"0297";"GGD Gelderland-Zuid";"543245"
"Zandvoort";"0473";"GGD Kennemerland";"531591"
"Zederik";"0707";"Dienst Gezondheid & Jeugd Zuid-Holland Zuid ";"483290"
"Zeewolde";"0050";"GGD Flevoland";"401503"
"Zeist";"0355";"GGD Midden-Nederland";"1245265"
"Zevenaar";"0299";"Hulpverlening Gelderland-Midden";"670924"
"Zoetermeer";"0637";"GGD Haaglanden";"1045050"
"Zoeterwoude";"0638";"GGD Hollands-Midden";"774476"
"Zuidhorn";"0056";"GGD Groningen";"584104"
"Zuidplas";"1892";"GGD Hollands-Midden";"774476"
"Zundert";"0879";"GGD West-Brabant";"694612"
"Zutphen";"0301";"GGD Noord- en Oost-Gelderland";"812224"
"Zwartewaterland";"1896";"GGD IJsselland";"514650"
"Zwijndrecht";"0642";"Dienst Gezondheid & Jeugd Zuid-Holland Zuid ";"483290"
"Zwolle";"0193";"GGD IJsselland";"514650"