﻿"Gemeente";"CBS";"Veilig Thuis regio's";"Inwoneraantal van regio"
"Aa en Hunze";"1680";"Drenthe";"0"
"Aalburg";"0738";"West-brabant";"0"
"Aalsmeer";"0358";"Amsterdam-Amstelland";"0"
"Aalten";"0197";"Noord- en Oost-Gelderland";"0"
"Achtkarspelen";"0059";"Friesland";"0"
"Alblasserdam";"0482";"Zuid-Holland-Zuid";"0"
"Albrandswaard";"0613";"Rotterdam-Rijnmond";"0"
"Alkmaar";"0361";"Noord-Holland Noord";"0"
"Almelo";"0141";"Twente";"0"
"Almere";"0034";"Flevoland";"0"
"Alphen aan den Rijn";"0484";"Hollands-Midden";"0"
"Alphen-Chaam";"1723";"West-brabant";"0"
"Ameland";"0060";"Friesland";"0"
"Amersfoort";"0307";"Utrecht";"0"
"Amstelveen";"0362";"Amsterdam-Amstelland";"0"
"Amsterdam";"0363";"Amsterdam-Amstelland";"0"
"Apeldoorn";"0200";"Noord- en Oost-Gelderland";"0"
"Appingedam";"0003";"Groningen";"0"
"Arnhem";"0202";"Gelderland-Midden";"0"
"Assen";"0106";"Drenthe";"0"
"Asten";"0743";"Zuidoost-Brabant";"0"
"Baarle-Nassau";"0744";"West-brabant";"0"
"Baarn";"0308";"Utrecht";"0"
"Barendrecht";"0489";"Rotterdam-Rijnmond";"0"
"Barneveld";"0203";"Gelderland-Midden";"0"
"Bedum";"0005";"Groningen";"0"
"Beek";"0888";"Zuid-Limburg";"0"
"Beemster";"0370";"Zaanstreek-Waterland";"0"
"Beesel";"0889";"Noord- en Midden Limburg";"0"
"Bellingwedde";"0007";"Groningen";"0"
"Berg en Dal";"1945";"Gelderland-Zuid";"0"
"Bergeijk";"1724";"Zuidoost-Brabant";"0"
"Bergen (L)";"0893";"Noord- en Midden Limburg";"0"
"Bergen (NH)";"0373";"Noord-Holland Noord";"0"
"Bergen op Zoom";"0748";"West-brabant";"0"
"Berkelland";"1859";"Noord- en Oost-Gelderland";"0"
"Bernheze";"1721";"Noord-Brabant Noord";"0"
"Best";"0753";"Zuidoost-Brabant";"0"
"Beuningen";"0209";"Gelderland-Zuid";"0"
"Beverwijk";"0375";"Kennemerland";"0"
"Binnenmaas";"0585";"Zuid-Holland-Zuid";"0"
"Bladel";"1728";"Zuidoost-Brabant";"0"
"Blaricum";"0376";"Gooi en Vechtstreek";"0"
"Bloemendaal";"0377";"Kennemerland";"0"
"Bodegraven-Reeuwijk";"1901";"Hollands-Midden";"0"
"Boekel";"0755";"Noord-Brabant Noord";"0"
"Borger-Odoorn";"1681";"Drenthe";"0"
"Borne";"0147";"Twente";"0"
"Borsele";"0654";"Zeeland";"0"
"Boxmeer";"0756";"Noord-Brabant Noord";"0"
"Boxtel";"0757";"Noord-Brabant Noord";"0"
"Breda";"0758";"West-brabant";"0"
"Brielle";"0501";"Rotterdam-Rijnmond";"0"
"Bronckhorst";"1876";"Noord- en Oost-Gelderland";"0"
"Brummen";"0213";"Noord- en Oost-Gelderland";"0"
"Brunssum";"0899";"Zuid-Limburg";"0"
"Bunnik";"0312";"Utrecht";"0"
"Bunschoten";"0313";"Utrecht";"0"
"Buren";"0214";"Gelderland-Zuid";"0"
"Capelle aan den IJssel";"0502";"Rotterdam-Rijnmond";"0"
"Castricum";"0383";"Noord-Holland Noord";"0"
"Coevorden";"0109";"Drenthe";"0"
"Cranendonck";"1706";"Zuidoost-Brabant";"0"
"Cromstrijen";"0611";"Zuid-Holland-Zuid";"0"
"Cuijk";"1684";"Noord-Brabant Noord";"0"
"Culemborg";"0216";"Gelderland-Zuid";"0"
"Dalfsen";"0148";"IJsselland";"0"
"Dantumadiel";"1891";"Friesland";"0"
"De Bilt";"0310";"Utrecht";"0"
"De Fryske Marren";"1940";"Friesland";"0"
"De Marne";"1663";"Groningen";"0"
"De Ronde Venen";"0736";"Utrecht";"0"
"De Wolden";"1690";"Drenthe";"0"
"Delft";"0503";"Haaglanden";"0"
"Delfzijl";"0010";"Groningen";"0"
"Den Helder";"0400";"Noord-Holland Noord";"0"
"Deurne";"0762";"Zuidoost-Brabant";"0"
"Deventer";"0150";"IJsselland";"0"
"Diemen";"0384";"Amsterdam-Amstelland";"0"
"Dinkelland";"1774";"Twente";"0"
"Doesburg";"0221";"Gelderland-Midden";"0"
"Doetinchem";"0222";"Noord- en Oost-Gelderland";"0"
"Dongen";"0766";"Noord-Brabant Midden";"0"
"Dongeradeel";"0058";"Friesland";"0"
"Dordrecht";"0505";"Zuid-Holland-Zuid";"0"
"Drechterland";"0498";"Noord-Holland Noord";"0"
"Drimmelen";"1719";"West-brabant";"0"
"Dronten";"0303";"Flevoland";"0"
"Druten";"0225";"Gelderland-Zuid";"0"
"Duiven";"0226";"Gelderland-Midden";"0"
"Echt-Susteren";"1711";"Noord- en Midden Limburg";"0"
"Edam-Volendam";"0385";"Zaanstreek-Waterland";"0"
"Ede";"0228";"Gelderland-Midden";"0"
"Eemnes";"0317";"Utrecht";"0"
"Eemsmond";"1651";"Groningen";"0"
"Eersel";"0770";"Zuidoost-Brabant";"0"
"Eijsden-Margraten";"1903";"Zuid-Limburg";"0"
"Eindhoven";"0772";"Zuidoost-Brabant";"0"
"Elburg";"0230";"Noord- en Oost-Gelderland";"0"
"Emmen";"0114";"Drenthe";"0"
"Enkhuizen";"0388";"Noord-Holland Noord";"0"
"Enschede";"0153";"Twente";"0"
"Epe";"0232";"Noord- en Oost-Gelderland";"0"
"Ermelo";"0233";"Noord- en Oost-Gelderland";"0"
"Etten-Leur";"0777";"West-brabant";"0"
"Ferwerderadiel";"1722";"Friesland";"0"
"Franekeradeel";"0070";"Friesland";"0"
"Geertruidenberg";"0779";"West-brabant";"0"
"Geldermalsen";"0236";"Gelderland-Zuid";"0"
"Geldrop-Mierlo";"1771";"Zuidoost-Brabant";"0"
"Gemert-Bakel";"1652";"Zuidoost-Brabant";"0"
"Gennep";"0907";"Noord- en Midden Limburg";"0"
"Giessenlanden";"0689";"Zuid-Holland-Zuid";"0"
"Gilze en Rijen";"0784";"Noord-Brabant Midden";"0"
"Goeree-Overflakkee";"1924";"Rotterdam-Rijnmond";"0"
"Goes";"0664";"Zeeland";"0"
"Goirle";"0785";"Noord-Brabant Midden";"0"
"Gooise Meren";"1942";"Gooi en Vechtstreek";"0"
"Gorinchem";"0512";"Zuid-Holland-Zuid";"0"
"Gouda";"0513";"Hollands-Midden";"0"
"Grave";"0786";"Noord-Brabant Noord";"0"
"'s-Gravenhage";"0518";"Haaglanden";"0"
"Groningen";"0014";"Groningen";"0"
"Grootegast";"0015";"Groningen";"0"
"Gulpen-Wittem";"1729";"Zuid-Limburg";"0"
"Haaksbergen";"0158";"Twente";"0"
"Haaren";"0788";"Noord-Brabant Noord";"0"
"Haarlem";"0392";"Kennemerland";"0"
"Haarlemmerliede en Spaarnwoude";"0393";"Kennemerland";"0"
"Haarlemmermeer";"0394";"Kennemerland";"0"
"Halderberge";"1655";"West-brabant";"0"
"Hardenberg";"0160";"IJsselland";"0"
"Harderwijk";"0243";"Noord- en Oost-Gelderland";"0"
"Hardinxveld-Giessendam";"0523";"Zuid-Holland-Zuid";"0"
"Haren";"0017";"Groningen";"0"
"Harlingen";"0072";"Friesland";"0"
"Hattem";"0244";"Noord- en Oost-Gelderland";"0"
"Heemskerk";"0396";"Kennemerland";"0"
"Heemstede";"0397";"Kennemerland";"0"
"Heerde";"0246";"Noord- en Oost-Gelderland";"0"
"Heerenveen";"0074";"Friesland";"0"
"Heerhugowaard";"0398";"Noord-Holland Noord";"0"
"Heerlen";"0917";"Zuid-Limburg";"0"
"Heeze-Leende";"1658";"Zuidoost-Brabant";"0"
"Heiloo";"0399";"Noord-Holland Noord";"0"
"Hellendoorn";"0163";"Twente";"0"
"Hellevoetsluis";"0530";"Rotterdam-Rijnmond";"0"
"Helmond";"0794";"Zuidoost-Brabant";"0"
"Hendrik-Ido-Ambacht";"0531";"Zuid-Holland-Zuid";"0"
"Hengelo (O)";"0164";"Twente";"0"
"'s-Hertogenbosch";"0796";"Noord-Brabant Noord";"0"
"het Bildt";"0063";"Friesland";"0"
"Heumen";"0252";"Gelderland-Zuid";"0"
"Heusden";"0797";"Noord-Brabant Midden";"0"
"Hillegom";"0534";"Hollands-Midden";"0"
"Hilvarenbeek";"0798";"Noord-Brabant Midden";"0"
"Hilversum";"0402";"Gooi en Vechtstreek";"0"
"Hof van Twente";"1735";"Twente";"0"
"Hollands Kroon";"1911";"Noord-Holland Noord";"0"
"Hoogeveen";"0118";"Drenthe";"0"
"Hoogezand-Sappemeer";"0018";"Groningen";"0"
"Hoorn";"0405";"Noord-Holland Noord";"0"
"Horst aan de Maas";"1507";"Noord- en Midden Limburg";"0"
"Houten";"0321";"Utrecht";"0"
"Huizen";"0406";"Gooi en Vechtstreek";"0"
"Hulst";"0677";"Zeeland";"0"
"IJsselstein";"0353";"Utrecht";"0"
"Kaag en Braassem";"1884";"Hollands-Midden";"0"
"Kampen";"0166";"IJsselland";"0"
"Kapelle";"0678";"Zeeland";"0"
"Katwijk";"0537";"Hollands-Midden";"0"
"Kerkrade";"0928";"Zuid-Limburg";"0"
"Koggenland";"1598";"Noord-Holland Noord";"0"
"Kollumerland en Nieuwkruisland";"0079";"Friesland";"0"
"Korendijk";"0588";"Zuid-Holland-Zuid";"0"
"Krimpen aan den IJssel";"0542";"Rotterdam-Rijnmond";"0"
"Krimpenerwaard";"1931";"Hollands-Midden";"0"
"Laarbeek";"1659";"Zuidoost-Brabant";"0"
"Landerd";"1685";"Noord-Brabant Noord";"0"
"Landgraaf";"0882";"Zuid-Limburg";"0"
"Landsmeer";"0415";"Zaanstreek-Waterland";"0"
"Langedijk";"0416";"Noord-Holland Noord";"0"
"Lansingerland";"1621";"Rotterdam-Rijnmond";"0"
"Laren";"0417";"Gooi en Vechtstreek";"0"
"Leek";"0022";"Groningen";"0"
"Leerdam";"0545";"Zuid-Holland-Zuid";"0"
"Leeuwarden";"0080";"Friesland";"0"
"Leeuwarderadeel";"0081";"Friesland";"0"
"Leiden";"0546";"Hollands-Midden";"0"
"Leiderdorp";"0547";"Hollands-Midden";"0"
"Leidschendam-Voorburg";"1916";"Haaglanden";"0"
"Lelystad";"0995";"Flevoland";"0"
"Leudal";"1640";"Noord- en Midden Limburg";"0"
"Leusden";"0327";"Utrecht";"0"
"Lingewaal";"0733";"Gelderland-Midden";"0"
"Lingewaard";"1705";"Gelderland-Zuid";"0"
"Lisse";"0553";"Hollands-Midden";"0"
"Littenseradiel";"0140";"Friesland";"0"
"Lochem";"0262";"Noord- en Oost-Gelderland";"0"
"Loon op Zand";"0809";"Noord-Brabant Midden";"0"
"Lopik";"0331";"Utrecht";"0"
"Loppersum";"0024";"Groningen";"0"
"Losser";"0168";"Twente";"0"
"Maasdriel";"0263";"Gelderland-Zuid";"0"
"Maasgouw";"1641";"Noord- en Midden Limburg";"0"
"Maassluis";"0556";"Rotterdam-Rijnmond";"0"
"Maastricht";"0935";"Zuid-Limburg";"0"
"Marum";"0025";"Groningen";"0"
"Medemblik";"0420";"Noord-Holland Noord";"0"
"Meerssen";"0938";"Zuid-Limburg";"0"
"Menameradiel";"1908";"Friesland";"0"
"Menterwolde";"1987";"Groningen";"0"
"Meppel";"0119";"Drenthe";"0"
"Middelburg";"0687";"Zeeland";"0"
"Midden-Delfland";"1842";"Haaglanden";"0"
"Midden-Drenthe";"1731";"Drenthe";"0"
"Mill en Sint Hubert";"0815";"Noord-Brabant Noord";"0"
"Moerdijk";"1709";"West-brabant";"0"
"Molenwaard";"1927";"Zuid-Holland-Zuid";"0"
"Montferland";"1955";"Noord- en Oost-Gelderland";"0"
"Montfoort";"0335";"Utrecht";"0"
"Mook en Middelaar";"0944";"Gelderland-Zuid";"0"
"Neder-Betuwe";"1740";"Gelderland-Zuid";"0"
"Nederweert";"0946";"Noord- en Midden Limburg";"0"
"Neerijnen";"0304";"Gelderland-Zuid";"0"
"Nieuwegein";"0356";"Utrecht";"0"
"Nieuwkoop";"0569";"Hollands-Midden";"0"
"Nijkerk";"0267";"Gelderland-Midden";"0"
"Nijmegen";"0268";"Gelderland-Zuid";"0"
"Nissewaard";"1930";"Rotterdam-Rijnmond";"0"
"Noord-Beveland";"1695";"Zeeland";"0"
"Noordenveld";"1699";"Drenthe";"0"
"Noordoostpolder";"0171";"Flevoland";"0"
"Noordwijk";"0575";"Hollands-Midden";"0"
"Noordwijkerhout";"0576";"Hollands-Midden";"0"
"Nuenen, Gerwen en Nederwetten";"0820";"Zuidoost-Brabant";"0"
"Nunspeet";"0302";"Noord- en Oost-Gelderland";"0"
"Nuth";"0951";"Zuid-Limburg";"0"
"Oegstgeest";"0579";"Hollands-Midden";"0"
"Oirschot";"0823";"Zuidoost-Brabant";"0"
"Oisterwijk";"0824";"Noord-Brabant Midden";"0"
"Oldambt";"1895";"Groningen";"0"
"Oldebroek";"0269";"Noord- en Oost-Gelderland";"0"
"Oldenzaal";"0173";"Twente";"0"
"Olst-Wijhe";"1773";"IJsselland";"0"
"Ommen";"0175";"IJsselland";"0"
"Onderbanken";"0881";"Zuid-Limburg";"0"
"Oost Gelre";"1586";"Noord- en Oost-Gelderland";"0"
"Oosterhout";"0826";"West-brabant";"0"
"Ooststellingwerf";"0085";"Friesland";"0"
"Oostzaan";"0431";"Zaanstreek-Waterland";"0"
"Opmeer";"0432";"Noord-Holland Noord";"0"
"Opsterland";"0086";"Friesland";"0"
"Oss";"0828";"Noord-Brabant Noord";"0"
"Oud-Beijerland";"0584";"Zuid-Holland-Zuid";"0"
"Oude IJsselstreek";"1509";"Noord- en Oost-Gelderland";"0"
"Ouder-Amstel";"0437";"Amsterdam-Amstelland";"0"
"Oudewater";"0589";"Utrecht";"0"
"Overbetuwe";"1734";"Gelderland-Midden";"0"
"Papendrecht";"0590";"Zuid-Holland-Zuid";"0"
"Peel en Maas";"1894";"Noord- en Midden Limburg";"0"
"Pekela";"0765";"Groningen";"0"
"Pijnacker-Nootdorp";"1926";"Haaglanden";"0"
"Purmerend";"0439";"Zaanstreek-Waterland";"0"
"Putten";"0273";"Noord- en Oost-Gelderland";"0"
"Raalte";"0177";"IJsselland";"0"
"Reimerswaal";"0703";"Zeeland";"0"
"Renkum";"0274";"Gelderland-Midden";"0"
"Renswoude";"0339";"Utrecht";"0"
"Reusel-De Mierden";"1667";"Zuidoost-Brabant";"0"
"Rheden";"0275";"Gelderland-Midden";"0"
"Rhenen";"0340";"Utrecht";"0"
"Ridderkerk";"0597";"Rotterdam-Rijnmond";"0"
"Rijnwaarden";"0196";"Gelderland-Midden";"0"
"Rijssen-Holten";"1742";"Twente";"0"
"Rijswijk";"0603";"Haaglanden";"0"
"Roerdalen";"1669";"Noord- en Midden Limburg";"0"
"Roermond";"0957";"Noord- en Midden Limburg";"0"
"Roosendaal";"1674";"West-brabant";"0"
"Rotterdam";"0599";"Rotterdam-Rijnmond";"0"
"Rozendaal";"0277";"Gelderland-Midden";"0"
"Rucphen";"0840";"West-brabant";"0"
"Schagen";"0441";"Noord-Holland Noord";"0"
"Scherpenzeel";"0279";"Gelderland-Midden";"0"
"Schiedam";"0606";"Rotterdam-Rijnmond";"0"
"Schiermonnikoog";"0088";"Friesland";"0"
"Schijndel";"0844";"Noord-Brabant Noord";"0"
"Schinnen";"0962";"Zuid-Limburg";"0"
"Schouwen-Duiveland";"1676";"Zeeland";"0"
"Simpelveld";"0965";"Zuid-Limburg";"0"
"Sint Anthonis";"1702";"Noord-Brabant Noord";"0"
"Sint-Michielsgestel";"0845";"Noord-Brabant Noord";"0"
"Sint-Oedenrode";"0846";"Noord-Brabant Noord";"0"
"Sittard-Geleen";"1883";"Zuid-Limburg";"0"
"Sliedrecht";"0610";"Zuid-Holland-Zuid";"0"
"Slochteren";"0040";"Groningen";"0"
"Sluis";"1714";"Zeeland";"0"
"Smallingerland";"0090";"Friesland";"0"
"Soest";"0342";"Utrecht";"0"
"Someren";"0847";"Zuidoost-Brabant";"0"
"Son en Breugel";"0848";"Zuidoost-Brabant";"0"
"Stadskanaal";"0037";"Groningen";"0"
"Staphorst";"0180";"IJsselland";"0"
"Stede Broec";"0532";"Noord-Holland Noord";"0"
"Steenbergen";"0851";"West-brabant";"0"
"Steenwijkerland";"1708";"IJsselland";"0"
"Stein";"0971";"Zuid-Limburg";"0"
"Stichtse Vecht";"1904";"Utrecht";"0"
"Strijen";"0617";"Zuid-Holland-Zuid";"0"
"Súdwest Fryslân";"1900";"Friesland";"0"
"Ten Boer";"0009";"Groningen";"0"
"Terneuzen";"0715";"Zeeland";"0"
"Terschelling";"0093";"Friesland";"0"
"Texel";"0448";"Noord-Holland Noord";"0"
"Teylingen";"1525";"Hollands-Midden";"0"
"Tholen";"0716";"Zeeland";"0"
"Tiel";"0281";"Gelderland-Zuid";"0"
"Tilburg";"0855";"Noord-Brabant Midden";"0"
"Tubbergen";"0183";"Twente";"0"
"Twenterand";"1700";"Twente";"0"
"Tynaarlo";"1730";"Drenthe";"0"
"Tytsjerksteradiel";"0737";"Friesland";"0"
"Uden";"0856";"Noord-Brabant Noord";"0"
"Uitgeest";"0450";"Noord-Holland Noord";"0"
"Uithoorn";"0451";"Amsterdam-Amstelland";"0"
"Urk";"0184";"Flevoland";"0"
"Utrecht";"0344";"Utrecht";"0"
"Utrechtse Heuvelrug";"1581";"Utrecht";"0"
"Vaals";"0981";"Zuid-Limburg";"0"
"Valkenburg aan de Geul";"0994";"Zuid-Limburg";"0"
"Valkenswaard";"0858";"Zuidoost-Brabant";"0"
"Veendam";"0047";"Groningen";"0"
"Veenendaal";"0345";"Utrecht";"0"
"Veere";"0717";"Zeeland";"0"
"Veghel";"0860";"Noord-Brabant Noord";"0"
"Veldhoven";"0861";"Zuidoost-Brabant";"0"
"Velsen";"0453";"Kennemerland";"0"
"Venlo";"0983";"Noord- en Midden Limburg";"0"
"Venray";"0984";"Noord- en Midden Limburg";"0"
"Vianen";"0620";"Utrecht";"0"
"Vlaardingen";"0622";"Rotterdam-Rijnmond";"0"
"Vlagtwedde";"0048";"Groningen";"0"
"Vlieland";"0096";"Friesland";"0"
"Vlissingen";"0718";"Zeeland";"0"
"Voerendaal";"0986";"Zuid-Limburg";"0"
"Voorschoten";"0626";"Hollands-Midden";"0"
"Voorst";"0285";"Noord- en Oost-Gelderland";"0"
"Vught";"0865";"Noord-Brabant Noord";"0"
"Waalre";"0866";"Zuidoost-Brabant";"0"
"Waalwijk";"0867";"Noord-Brabant Midden";"0"
"Waddinxveen";"0627";"Hollands-Midden";"0"
"Wageningen";"0289";"Gelderland-Midden";"0"
"Wassenaar";"0629";"Haaglanden";"0"
"Waterland";"0852";"Zaanstreek-Waterland";"0"
"Weert";"0988";"Noord- en Midden Limburg";"0"
"Weesp";"0457";"Utrecht";"0"
"Werkendam";"0870";"West-brabant";"0"
"West Maas en Waal";"0668";"Gelderland-Zuid";"0"
"Westerveld";"1701";"Drenthe";"0"
"Westervoort";"0293";"Gelderland-Midden";"0"
"Westland";"1783";"Haaglanden";"0"
"Weststellingwerf";"0098";"Friesland";"0"
"Westvoorne";"0614";"Rotterdam-Rijnmond";"0"
"Wierden";"0189";"Twente";"0"
"Wijchen";"0296";"Gelderland-Zuid";"0"
"Wijdemeren";"1696";"Utrecht";"0"
"Wijk bij Duurstede";"0352";"Utrecht";"0"
"Winsum";"0053";"Groningen";"0"
"Winterswijk";"0294";"Noord- en Oost-Gelderland";"0"
"Woensdrecht";"0873";"West-brabant";"0"
"Woerden";"0632";"Utrecht";"0"
"Wormerland";"0880";"Zaanstreek-Waterland";"0"
"Woudenberg";"0351";"Utrecht";"0"
"Woudrichem";"0874";"West-brabant";"0"
"Zaanstad";"0479";"Zaanstreek-Waterland";"0"
"Zaltbommel";"0297";"Gelderland-Zuid";"0"
"Zandvoort";"0473";"Kennemerland";"0"
"Zederik";"0707";"Zuid-Holland-Zuid";"0"
"Zeewolde";"0050";"Flevoland";"0"
"Zeist";"0355";"Utrecht";"0"
"Zevenaar";"0299";"Gelderland-Midden";"0"
"Zoetermeer";"0637";"Haaglanden";"0"
"Zoeterwoude";"0638";"Hollands-Midden";"0"
"Zuidhorn";"0056";"Groningen";"0"
"Zuidplas";"1892";"Hollands-Midden";"0"
"Zundert";"0879";"West-brabant";"0"
"Zutphen";"0301";"Noord- en Oost-Gelderland";"0"
"Zwartewaterland";"1896";"IJsselland";"0"
"Zwijndrecht";"0642";"Zuid-Holland-Zuid";"0"
"Zwolle";"0193";"IJsselland";"0"